2026-02-04 20:36:18,409 - Knowledge - INFO - Created shared MongoDB connection pool
2026-02-04 20:36:18,758 - Knowledge - INFO - Starting Knowledge Graph processing with 20 threads
2026-02-04 20:36:18,965 - Knowledge - INFO - Initial configuration: chunk_size=65536, max_cache_size=500
2026-02-04 20:36:19,148 - Knowledge - INFO - Knowledge Graph concurrency configuration: workers=20, max_batch_size=10, max_concurrent_llm_calls=50
2026-02-04 20:36:20,749 - Knowledge - INFO - 🔍 _load_persisted_knowledge called - checking for Redis optimization
2026-02-04 20:36:20,936 - Knowledge - WARNING - ❌ load_from_redis method not found - Redis support not attached
2026-02-04 20:36:21,137 - Knowledge - INFO - load persisted knowledge: begin
2026-02-04 20:36:21,307 - Knowledge - INFO - Loaded 0 files from persisted knowledge
2026-02-04 20:36:21,491 - Knowledge - INFO - load persisted knowledge: end
2026-02-04 20:36:21,700 - Knowledge - WARNING - No persisted knowledge found. Files will be queued during start()
2026-02-04 20:36:21,943 - Knowledge - INFO - Redis support added with prefix knowledge:b2119g2:
2026-02-04 20:36:22,449 - Knowledge - INFO - Starting knowledge initialization for ID: rQiAVL-b2119g2
2026-02-04 20:36:22,641 - Knowledge - INFO - 🔍 Checking Redis for build_id: b2119g2
2026-02-04 20:36:22,807 - Knowledge - INFO - 🔍 Full session ID: rQiAVL-b2119g2
2026-02-04 20:36:22,956 - Knowledge - INFO - 🔍 Redis prefix will be: knowledge:b2119g2:
2026-02-04 20:36:23,147 - Knowledge - INFO - 🔍 Using attached load_from_redis() method
2026-02-04 20:36:23,332 - Knowledge - INFO - 🔍 Attempting to load knowledge from Redis...
2026-02-04 20:36:23,506 - Knowledge - INFO - 🔍 Using derived instance_id for Redis lookup: b2119g2
2026-02-04 20:36:23,727 - Knowledge - WARNING - ❌ No Redis cache found
2026-02-04 20:36:23,963 - Knowledge - INFO - 📁 Loading knowledge from disk...
2026-02-04 20:36:24,198 - Knowledge - INFO - load persisted docinfo: begin
2026-02-04 20:36:24,376 - Knowledge - INFO - load persisted docinfo: end
2026-02-04 20:36:24,588 - Knowledge - INFO - 🔍 _load_persisted_knowledge called - checking for Redis optimization
2026-02-04 20:36:24,785 - Knowledge - INFO - ✅ load_from_redis method found - attempting Redis load
2026-02-04 20:36:24,952 - Knowledge - INFO - 🔍 Attempting to load knowledge from Redis...
2026-02-04 20:36:25,167 - Knowledge - INFO - 🔍 Using derived instance_id for Redis lookup: b2119g2
2026-02-04 20:36:25,340 - Knowledge - WARNING - ❌ No Redis cache found
2026-02-04 20:36:25,503 - Knowledge - INFO - ❌ Redis load returned False - falling back to file loading
2026-02-04 20:36:25,682 - Knowledge - INFO - load persisted knowledge: begin
2026-02-04 20:36:25,852 - Knowledge - INFO - Loaded 0 files from persisted knowledge
2026-02-04 20:36:26,031 - Knowledge - INFO - load persisted knowledge: end
2026-02-04 20:36:26,217 - Knowledge - INFO - 📁 Disk load complete in 2.06s
2026-02-04 20:36:26,399 - Knowledge - INFO - Populating ingest queue with source files...
2026-02-04 20:36:26,733 - Knowledge - INFO - Added 366 files from /app/data/T0015/315188/b2119g2/tr69hostif-315188 to ingest queue
2026-02-04 20:36:26,887 - Knowledge - INFO - [WEBSOCKET] Sent: Type=progress_update, Size: 160, Duration: 0ms
2026-02-04 20:36:27,046 - Knowledge - INFO - Worker kw1 created using shared MongoDB connection pool
2026-02-04 20:36:27,243 - Knowledge - INFO - knowledge worker kw1 start
2026-02-04 20:36:27,244 - Knowledge - INFO - Worker kw2 created using shared MongoDB connection pool
2026-02-04 20:36:27,412 - Knowledge - INFO - [kw1] Queue=366, InProgress=0, PendingWorkers=0/1, Completed=0/366 (0.0%)
2026-02-04 20:36:27,517 - Knowledge - INFO - knowledge worker kw2 start
2026-02-04 20:36:27,517 - Knowledge - INFO - Worker kw3 created using shared MongoDB connection pool
2026-02-04 20:36:27,620 - Knowledge - INFO - Batch sizing: calculated=6, max_allowed=10, queue=366, active_workers=0/2
2026-02-04 20:36:27,733 - Knowledge - INFO - [kw2] Queue=366, InProgress=0, PendingWorkers=0/2, Completed=0/366 (0.0%)
2026-02-04 20:36:27,824 - Knowledge - INFO - knowledge worker kw3 start
2026-02-04 20:36:27,825 - Knowledge - INFO - Worker kw4 created using shared MongoDB connection pool
2026-02-04 20:36:27,939 - Knowledge - INFO - Worker kw1 processing /app/data/T0015/315188/b2119g2/tr69hostif-315188/test/functional-tests/tests/tr69hostif_deviceip.py
2026-02-04 20:36:28,020 - Knowledge - INFO - Batch sizing: calculated=6, max_allowed=10, queue=366, active_workers=1/3
2026-02-04 20:36:28,132 - Knowledge - INFO - [kw3] Queue=360, InProgress=0, PendingWorkers=1/3, Completed=0/366 (0.0%)
2026-02-04 20:36:28,212 - Knowledge - INFO - knowledge worker kw4 start
2026-02-04 20:36:28,212 - Knowledge - INFO - Worker kw5 created using shared MongoDB connection pool
2026-02-04 20:36:28,284 - Knowledge - INFO - Fast-tracked /app/data/T0015/315188/b2119g2/tr69hostif-315188/test/functional-tests/tests/tr69hostif_deviceip.py (ext=.py, size=7124)
2026-02-04 20:36:28,391 - Knowledge - INFO - Worker kw2 processing /app/data/T0015/315188/b2119g2/tr69hostif-315188/test/functional-tests/tests/test_handlers_communications.py
2026-02-04 20:36:28,463 - Knowledge - INFO - Batch sizing: calculated=6, max_allowed=10, queue=360, active_workers=2/4
2026-02-04 20:36:28,547 - Knowledge - INFO - [kw4] Queue=354, InProgress=0, PendingWorkers=2/4, Completed=0/366 (0.0%)
2026-02-04 20:36:28,613 - Knowledge - INFO - knowledge worker kw5 start
2026-02-04 20:36:28,614 - Knowledge - INFO - Worker kw6 created using shared MongoDB connection pool
2026-02-04 20:36:28,688 - Knowledge - INFO - Worker kw1 processing /app/data/T0015/315188/b2119g2/tr69hostif-315188/test/functional-tests/tests/basic_constants.py
2026-02-04 20:36:28,799 - Knowledge - INFO - Fast-tracked /app/data/T0015/315188/b2119g2/tr69hostif-315188/test/functional-tests/tests/test_handlers_communications.py (ext=.py, size=8500)
2026-02-04 20:36:28,877 - Knowledge - INFO - Worker kw3 processing /app/data/T0015/315188/b2119g2/tr69hostif-315188/src/unittest/stubs/mfr_temperature.h
2026-02-04 20:36:28,997 - Knowledge - INFO - Batch sizing: calculated=6, max_allowed=10, queue=354, active_workers=3/5
2026-02-04 20:36:29,089 - Knowledge - INFO - [kw5] Queue=348, InProgress=0, PendingWorkers=3/5, Completed=0/366 (0.0%)
2026-02-04 20:36:29,199 - Knowledge - INFO - knowledge worker kw6 start
2026-02-04 20:36:29,199 - Knowledge - INFO - Worker kw7 created using shared MongoDB connection pool
2026-02-04 20:36:29,278 - Knowledge - INFO - Fast-tracked /app/data/T0015/315188/b2119g2/tr69hostif-315188/test/functional-tests/tests/basic_constants.py (ext=.py, size=2034)
2026-02-04 20:36:29,391 - Knowledge - INFO - Worker kw2 processing /app/data/T0015/315188/b2119g2/tr69hostif-315188/cov_build.sh
2026-02-04 20:36:29,465 - Knowledge - INFO - Worker kw3 processing /app/data/T0015/315188/b2119g2/tr69hostif-315188/src/unittest/stubs/secure_wrapper.c
2026-02-04 20:36:29,584 - Knowledge - INFO - Worker kw4 processing /app/data/T0015/315188/b2119g2/tr69hostif-315188/src/unittest/stubs/rbus/src/rbus/rbus_subscriptions.h
2026-02-04 20:36:29,693 - Knowledge - INFO - Batch sizing: calculated=6, max_allowed=10, queue=348, active_workers=4/6
2026-02-04 20:36:29,802 - Knowledge - INFO - [kw6] Queue=342, InProgress=0, PendingWorkers=4/6, Completed=0/366 (0.0%)
2026-02-04 20:36:29,868 - Knowledge - INFO - knowledge worker kw7 start
2026-02-04 20:36:29,868 - Knowledge - INFO - Worker kw8 created using shared MongoDB connection pool
2026-02-04 20:36:29,988 - Knowledge - INFO - Worker kw1 processing /app/data/T0015/315188/b2119g2/tr69hostif-315188/test/functional-tests/tests/tr69hostif_webpa.py
2026-02-04 20:36:30,096 - Knowledge - INFO - Worker kw2 processing /app/data/T0015/315188/b2119g2/tr69hostif-315188/scripts/validateDataModel.py
2026-02-04 20:36:30,212 - Knowledge - INFO - Worker kw3 processing /app/data/T0015/315188/b2119g2/tr69hostif-315188/src/unittest/stubs/remote_debugger.json
2026-02-04 20:36:30,316 - Knowledge - INFO - Worker kw4 processing /app/data/T0015/315188/b2119g2/tr69hostif-315188/src/unittest/stubs/rbus/src/rbus/rbus_tokenchain.h
2026-02-04 20:36:30,397 - Knowledge - INFO - Worker kw5 processing /app/data/T0015/315188/b2119g2/tr69hostif-315188/src/unittest/stubs/rbus/src/rbus/rbus_element.h
2026-02-04 20:36:30,477 - Knowledge - INFO - Batch sizing: calculated=6, max_allowed=10, queue=342, active_workers=5/7
2026-02-04 20:36:30,585 - Knowledge - INFO - [kw7] Queue=336, InProgress=0, PendingWorkers=5/7, Completed=0/366 (0.0%)
2026-02-04 20:36:30,693 - Knowledge - INFO - knowledge worker kw8 start
2026-02-04 20:36:30,693 - Knowledge - INFO - Worker kw9 created using shared MongoDB connection pool
2026-02-04 20:36:30,765 - Knowledge - INFO - Fast-tracked /app/data/T0015/315188/b2119g2/tr69hostif-315188/test/functional-tests/tests/tr69hostif_webpa.py (ext=.py, size=15604)
2026-02-04 20:36:30,846 - Knowledge - INFO - Fast-tracked /app/data/T0015/315188/b2119g2/tr69hostif-315188/scripts/validateDataModel.py (ext=.py, size=1973)
2026-02-04 20:36:30,919 - Knowledge - INFO - Fast-tracked /app/data/T0015/315188/b2119g2/tr69hostif-315188/src/unittest/stubs/remote_debugger.json (ext=.json, size=1869)
2026-02-04 20:36:31,020 - Knowledge - INFO - Fast-tracked /app/data/T0015/315188/b2119g2/tr69hostif-315188/src/unittest/stubs/rbus/src/rbus/rbus_tokenchain.h (ext=.h, size=1802)
2026-02-04 20:36:31,137 - Knowledge - INFO - Worker kw5 processing /app/data/T0015/315188/b2119g2/tr69hostif-315188/src/unittest/stubs/rbus/src/rbus/rbus_config.h
2026-02-04 20:36:31,204 - Knowledge - INFO - Worker kw6 processing /app/data/T0015/315188/b2119g2/tr69hostif-315188/src/unittest/stubs/rbus/src/core/rbuscore_types.h
2026-02-04 20:36:31,287 - Knowledge - INFO - Batch sizing: calculated=6, max_allowed=10, queue=336, active_workers=6/8
2026-02-04 20:36:31,368 - Knowledge - INFO - [kw8] Queue=330, InProgress=0, PendingWorkers=6/8, Completed=0/366 (0.0%)
2026-02-04 20:36:31,443 - Knowledge - INFO - knowledge worker kw9 start
2026-02-04 20:36:31,443 - Knowledge - INFO - Worker kw10 created using shared MongoDB connection pool
2026-02-04 20:36:31,512 - Knowledge - INFO - Worker kw1 processing /app/data/T0015/315188/b2119g2/tr69hostif-315188/test/functional-tests/tests/test_bootup_sequence.py
2026-02-04 20:36:31,612 - Knowledge - INFO - Worker kw2 processing /app/data/T0015/315188/b2119g2/tr69hostif-315188/src/unittest/stubs/mfrTypes.h
2026-02-04 20:36:31,688 - Knowledge - INFO - Worker kw3 processing /app/data/T0015/315188/b2119g2/tr69hostif-315188/src/unittest/stubs/libIBusDaemon.h
2026-02-04 20:36:31,793 - Knowledge - INFO - Worker kw4 processing /app/data/T0015/315188/b2119g2/tr69hostif-315188/src/unittest/stubs/rbus/src/rbus/rbus_handle.h
2026-02-04 20:36:31,906 - Knowledge - INFO - Fast-tracked /app/data/T0015/315188/b2119g2/tr69hostif-315188/src/unittest/stubs/rbus/src/rbus/rbus_config.h (ext=.h, size=1629)
2026-02-04 20:36:31,981 - Knowledge - INFO - Worker kw6 processing /app/data/T0015/315188/b2119g2/tr69hostif-315188/src/unittest/stubs/rbus/src/rtmessage/rtSemaphore.h
2026-02-04 20:36:32,083 - Knowledge - INFO - Worker kw7 processing /app/data/T0015/315188/b2119g2/tr69hostif-315188/src/unittest/stubs/rbus/src/rtmessage/rtMessageHeader.h
2026-02-04 20:36:32,152 - Knowledge - INFO - Batch sizing: calculated=6, max_allowed=10, queue=330, active_workers=7/9
2026-02-04 20:36:32,271 - Knowledge - INFO - [kw9] Queue=324, InProgress=0, PendingWorkers=7/9, Completed=0/366 (0.0%)
2026-02-04 20:36:32,356 - Knowledge - INFO - knowledge worker kw10 start
2026-02-04 20:36:32,356 - Knowledge - INFO - Worker kw11 created using shared MongoDB connection pool
2026-02-04 20:36:32,447 - Knowledge - INFO - Fast-tracked /app/data/T0015/315188/b2119g2/tr69hostif-315188/test/functional-tests/tests/test_bootup_sequence.py (ext=.py, size=9835)
2026-02-04 20:36:32,555 - Knowledge - INFO - Worker kw2 processing /app/data/T0015/315188/b2119g2/tr69hostif-315188/src/unittest/stubs/libIBus.h
2026-02-04 20:36:32,665 - Knowledge - INFO - Worker kw3 processing /app/data/T0015/315188/b2119g2/tr69hostif-315188/src/unittest/stubs/rbus/src/rbus/rbus_valuechange.h
2026-02-04 20:36:32,739 - Knowledge - INFO - Worker kw4 processing /app/data/T0015/315188/b2119g2/tr69hostif-315188/src/unittest/stubs/rbus/src/rbus/rbus_log.h
2026-02-04 20:36:32,904 - Knowledge - INFO - Worker kw5 processing /app/data/T0015/315188/b2119g2/tr69hostif-315188/src/unittest/stubs/rbus/src/session_manager/rbus_session_mgr.h
2026-02-04 20:36:32,984 - Knowledge - INFO - Worker kw6 processing /app/data/T0015/315188/b2119g2/tr69hostif-315188/src/unittest/stubs/rbus/src/rtmessage/rtList.h
2026-02-04 20:36:33,076 - Knowledge - INFO - Worker kw7 processing /app/data/T0015/315188/b2119g2/tr69hostif-315188/src/unittest/stubs/rbus/src/rtmessage/rtBuffer.h
2026-02-04 20:36:33,185 - Knowledge - INFO - Worker kw8 processing /app/data/T0015/315188/b2119g2/tr69hostif-315188/src/unittest/stubs/rbus/src/rtmessage/rtHashMap.h
2026-02-04 20:36:33,278 - Knowledge - INFO - Batch sizing: calculated=6, max_allowed=10, queue=324, active_workers=8/10
2026-02-04 20:36:33,396 - Knowledge - INFO - [kw10] Queue=318, InProgress=0, PendingWorkers=8/10, Completed=0/366 (0.0%)
2026-02-04 20:36:33,478 - Knowledge - INFO - knowledge worker kw11 start
2026-02-04 20:36:33,479 - Knowledge - INFO - Worker kw12 created using shared MongoDB connection pool
2026-02-04 20:36:33,639 - Knowledge - INFO - Worker kw1 processing /app/data/T0015/315188/b2119g2/tr69hostif-315188/test/functional-tests/tests/helper_functions.py
2026-02-04 20:36:33,730 - Knowledge - INFO - Worker kw2 processing /app/data/T0015/315188/b2119g2/tr69hostif-315188/src/unittest/stubs/paramMgr.c
2026-02-04 20:36:33,854 - Knowledge - INFO - Fast-tracked /app/data/T0015/315188/b2119g2/tr69hostif-315188/src/unittest/stubs/rbus/src/rbus/rbus_valuechange.h (ext=.h, size=1108)
2026-02-04 20:36:33,955 - Knowledge - INFO - Fast-tracked /app/data/T0015/315188/b2119g2/tr69hostif-315188/src/unittest/stubs/rbus/src/rbus/rbus_log.h (ext=.h, size=1594)
2026-02-04 20:36:34,037 - Knowledge - INFO - Fast-tracked /app/data/T0015/315188/b2119g2/tr69hostif-315188/src/unittest/stubs/rbus/src/session_manager/rbus_session_mgr.h (ext=.h, size=1282)
2026-02-04 20:36:34,158 - Knowledge - INFO - Worker kw6 processing /app/data/T0015/315188/b2119g2/tr69hostif-315188/src/unittest/stubs/rbus/src/rtmessage/rtRoutingTree.h
2026-02-04 20:36:34,238 - Knowledge - INFO - Fast-tracked /app/data/T0015/315188/b2119g2/tr69hostif-315188/src/unittest/stubs/rbus/src/rtmessage/rtBuffer.h (ext=.h, size=1523)
2026-02-04 20:36:34,319 - Knowledge - INFO - Worker kw8 processing /app/data/T0015/315188/b2119g2/tr69hostif-315188/src/unittest/stubs/rbus/src/rtmessage/rtMessage.h
2026-02-04 20:36:34,402 - Knowledge - INFO - Worker kw9 processing /app/data/T0015/315188/b2119g2/tr69hostif-315188/src/unittest/stubs/rbus/src/rtmessage/local_benchmarking.h
2026-02-04 20:36:34,484 - Knowledge - INFO - Batch sizing: calculated=6, max_allowed=10, queue=318, active_workers=9/11
2026-02-04 20:36:34,571 - Knowledge - INFO - [kw11] Queue=312, InProgress=0, PendingWorkers=9/11, Completed=0/366 (0.0%)
2026-02-04 20:36:34,716 - Knowledge - INFO - knowledge worker kw12 start
2026-02-04 20:36:34,716 - Knowledge - INFO - Worker kw13 created using shared MongoDB connection pool
2026-02-04 20:36:34,807 - Knowledge - INFO - Fast-tracked /app/data/T0015/315188/b2119g2/tr69hostif-315188/test/functional-tests/tests/helper_functions.py (ext=.py, size=6666)
2026-02-04 20:36:34,886 - Knowledge - INFO - Fast-tracked /app/data/T0015/315188/b2119g2/tr69hostif-315188/src/unittest/stubs/paramMgr.c (ext=.c, size=96)
2026-02-04 20:36:34,981 - Knowledge - INFO - Worker kw3 processing /app/data/T0015/315188/b2119g2/tr69hostif-315188/src/unittest/stubs/rbus/src/rbus/rbus_asyncsubscribe.h
2026-02-04 20:36:35,068 - Knowledge - INFO - Worker kw4 processing /app/data/T0015/315188/b2119g2/tr69hostif-315188/src/unittest/stubs/rbus/src/rbus/rbus_buffer.h
2026-02-04 20:36:35,184 - Knowledge - INFO - Worker kw5 processing /app/data/T0015/315188/b2119g2/tr69hostif-315188/src/unittest/stubs/rbus/src/core/rbuscore_logger.h
2026-02-04 20:36:35,311 - Knowledge - INFO - Worker kw6 processing /app/data/T0015/315188/b2119g2/tr69hostif-315188/src/unittest/stubs/rbus/src/rtmessage/rtEncoder.h
2026-02-04 20:36:35,426 - Knowledge - INFO - Worker kw7 processing /app/data/T0015/315188/b2119g2/tr69hostif-315188/src/unittest/stubs/rbus/src/rtmessage/rtrouteBase.h
2026-02-04 20:36:35,508 - Knowledge - INFO - Worker kw8 processing /app/data/T0015/315188/b2119g2/tr69hostif-315188/src/unittest/stubs/rbus/src/rtmessage/rtrouter_diag.h
2026-02-04 20:36:35,584 - Knowledge - INFO - Worker kw9 processing /app/data/T0015/315188/b2119g2/tr69hostif-315188/src/unittest/stubs/rbus/src/rtmessage/rtMemory.h
2026-02-04 20:36:35,708 - Knowledge - INFO - Worker kw10 processing /app/data/T0015/315188/b2119g2/tr69hostif-315188/src/unittest/stubs/rbus/src/rtmessage/rtTime.h
2026-02-04 20:36:35,803 - Knowledge - INFO - Batch sizing: calculated=6, max_allowed=10, queue=312, active_workers=10/12
2026-02-04 20:36:35,897 - Knowledge - INFO - [kw12] Queue=306, InProgress=0, PendingWorkers=10/12, Completed=0/366 (0.0%)
2026-02-04 20:36:36,018 - Knowledge - INFO - knowledge worker kw13 start
2026-02-04 20:36:36,018 - Knowledge - INFO - Worker kw14 created using shared MongoDB connection pool
2026-02-04 20:36:36,111 - Knowledge - INFO - Worker kw1 processing /app/data/T0015/315188/b2119g2/tr69hostif-315188/test/functional-tests/tests/profile_helper_functions.py
2026-02-04 20:36:36,301 - Knowledge - INFO - Fast-tracked /app/data/T0015/315188/b2119g2/tr69hostif-315188/src/unittest/stubs/rbus/src/rbus/rbus_asyncsubscribe.h (ext=.h, size=1247)
2026-02-04 20:36:36,409 - Knowledge - INFO - Worker kw4 processing /app/data/T0015/315188/b2119g2/tr69hostif-315188/src/unittest/stubs/rbus/src/rbus/rbus_intervalsubscription.h
2026-02-04 20:36:36,521 - Knowledge - INFO - Fast-tracked /app/data/T0015/315188/b2119g2/tr69hostif-315188/src/unittest/stubs/rbus/src/core/rbuscore_logger.h (ext=.h, size=1353)
2026-02-04 20:36:36,619 - Knowledge - INFO - Fast-tracked /app/data/T0015/315188/b2119g2/tr69hostif-315188/src/unittest/stubs/rbus/src/rtmessage/rtEncoder.h (ext=.h, size=1613)
2026-02-04 20:36:36,697 - Knowledge - INFO - Worker kw7 processing /app/data/T0015/315188/b2119g2/tr69hostif-315188/src/unittest/stubs/rbus/src/rtmessage/rtError.h
2026-02-04 20:36:36,777 - Knowledge - INFO - Fast-tracked /app/data/T0015/315188/b2119g2/tr69hostif-315188/src/unittest/stubs/rbus/src/rtmessage/rtrouter_diag.h (ext=.h, size=1943)
2026-02-04 20:36:36,857 - Knowledge - INFO - Fast-tracked /app/data/T0015/315188/b2119g2/tr69hostif-315188/src/unittest/stubs/rbus/src/rtmessage/rtMemory.h (ext=.h, size=1746)
2026-02-04 20:36:36,952 - Knowledge - INFO - Worker kw10 processing /app/data/T0015/315188/b2119g2/tr69hostif-315188/src/unittest/stubs/rbus/src/rtmessage/rtCipher.h
2026-02-04 20:36:37,066 - Knowledge - INFO - Worker kw11 processing /app/data/T0015/315188/b2119g2/tr69hostif-315188/src/unittest/stubs/rbus/include/rbus_property.h
2026-02-04 20:36:37,144 - Knowledge - INFO - Batch sizing: calculated=6, max_allowed=10, queue=306, active_workers=11/13
2026-02-04 20:36:37,231 - Knowledge - INFO - [kw13] Queue=300, InProgress=0, PendingWorkers=11/13, Completed=0/366 (0.0%)
2026-02-04 20:36:37,341 - Knowledge - INFO - knowledge worker kw14 start
2026-02-04 20:36:37,341 - Knowledge - INFO - Worker kw15 created using shared MongoDB connection pool
2026-02-04 20:36:37,424 - Knowledge - INFO - Fast-tracked /app/data/T0015/315188/b2119g2/tr69hostif-315188/test/functional-tests/tests/profile_helper_functions.py (ext=.py, size=1234)
2026-02-04 20:36:37,507 - Knowledge - INFO - Fast-tracked /app/data/T0015/315188/b2119g2/tr69hostif-315188/src/unittest/stubs/mfr_temperature.h (small file (2639 bytes))
2026-02-04 20:36:37,597 - Knowledge - INFO - Fast-tracked /app/data/T0015/315188/b2119g2/tr69hostif-315188/src/unittest/stubs/rbus/src/rbus/rbus_intervalsubscription.h (ext=.h, size=1110)
2026-02-04 20:36:37,664 - Knowledge - INFO - Worker kw5 processing /app/data/T0015/315188/b2119g2/tr69hostif-315188/src/unittest/stubs/rbus/src/core/rbuscore.h
2026-02-04 20:36:37,760 - Knowledge - INFO - Worker kw6 processing /app/data/T0015/315188/b2119g2/tr69hostif-315188/src/unittest/stubs/rbus/src/rtmessage/rtConnection.h
2026-02-04 20:36:37,859 - Knowledge - INFO - Worker kw7 processing /app/data/T0015/315188/b2119g2/tr69hostif-315188/src/unittest/stubs/rbus/src/rtmessage/rtThreadPool.h
2026-02-04 20:36:37,944 - Knowledge - INFO - Worker kw8 processing /app/data/T0015/315188/b2119g2/tr69hostif-315188/src/unittest/stubs/rbus/src/rtmessage/rtBase64.h
2026-02-04 20:36:38,020 - Knowledge - INFO - Worker kw9 processing /app/data/T0015/315188/b2119g2/tr69hostif-315188/src/unittest/stubs/rbus/src/rtmessage/rtSocket.h
2026-02-04 20:36:38,098 - Knowledge - INFO - Worker kw10 processing /app/data/T0015/315188/b2119g2/tr69hostif-315188/src/unittest/stubs/rbus/src/rtmessage/rtVector.h
2026-02-04 20:36:38,186 - Knowledge - INFO - Worker kw11 processing /app/data/T0015/315188/b2119g2/tr69hostif-315188/src/unittest/stubs/rbus/include/rbus_value.h
2026-02-04 20:36:38,266 - Knowledge - INFO - Worker kw12 processing /app/data/T0015/315188/b2119g2/tr69hostif-315188/src/unittest/stubs/rbus/utils/dataProvider/dmQueryResult.h
2026-02-04 20:36:38,370 - Knowledge - INFO - Batch sizing: calculated=6, max_allowed=10, queue=300, active_workers=12/14
2026-02-04 20:36:38,487 - Knowledge - INFO - [kw14] Queue=294, InProgress=0, PendingWorkers=12/14, Completed=0/366 (0.0%)
2026-02-04 20:36:38,564 - Knowledge - INFO - knowledge worker kw15 start
2026-02-04 20:36:38,564 - Knowledge - INFO - Worker kw16 created using shared MongoDB connection pool
2026-02-04 20:36:38,670 - Knowledge - INFO - Processing batch of 6 files
2026-02-04 20:36:38,892 - Knowledge - INFO - Worker kw5 processing /app/data/T0015/315188/b2119g2/tr69hostif-315188/src/unittest/stubs/rbus/src/core/rbuscore_message.h
2026-02-04 20:36:39,095 - Knowledge - INFO - Fast-tracked /app/data/T0015/315188/b2119g2/tr69hostif-315188/src/unittest/stubs/rbus/src/rtmessage/rtThreadPool.h (ext=.h, size=1489)
2026-02-04 20:36:39,455 - Knowledge - INFO - Fast-tracked /app/data/T0015/315188/b2119g2/tr69hostif-315188/src/unittest/stubs/rbus/src/rtmessage/rtBase64.h (ext=.h, size=1483)
2026-02-04 20:36:39,556 - Knowledge - INFO - Fast-tracked /app/data/T0015/315188/b2119g2/tr69hostif-315188/src/unittest/stubs/rbus/src/rtmessage/rtSocket.h (ext=.h, size=1397)
2026-02-04 20:36:39,638 - Knowledge - INFO - Fast-tracked /app/data/T0015/315188/b2119g2/tr69hostif-315188/src/unittest/stubs/rbus/src/rtmessage/rtVector.h (ext=.h, size=1902)
2026-02-04 20:36:39,758 - Knowledge - INFO - Worker kw11 processing /app/data/T0015/315188/b2119g2/tr69hostif-315188/src/unittest/stubs/rbus/include/rbus_filter.h
2026-02-04 20:36:39,855 - Knowledge - INFO - Worker kw12 processing /app/data/T0015/315188/b2119g2/tr69hostif-315188/src/unittest/stubs/rbus/utils/dataProvider/dmProvider.h
2026-02-04 20:36:39,934 - Knowledge - INFO - Worker kw13 processing /app/data/T0015/315188/b2119g2/tr69hostif-315188/src/unittest/stubs/rbus/utils/dataProvider/dmQuery.h
2026-02-04 20:36:40,045 - Knowledge - INFO - Batch sizing: calculated=6, max_allowed=10, queue=294, active_workers=13/15
2026-02-04 20:36:40,127 - Knowledge - INFO - [kw15] Queue=288, InProgress=0, PendingWorkers=13/15, Completed=6/366 (1.6%)
2026-02-04 20:36:40,204 - Knowledge - INFO - knowledge worker kw16 start
2026-02-04 20:36:40,204 - Knowledge - INFO - Worker kw17 created using shared MongoDB connection pool
2026-02-04 20:36:40,294 - Knowledge - INFO - process ingested knowledge for /app/data/T0015/315188/b2119g2/tr69hostif-315188/test/functional-tests/tests/tr69hostif_deviceip.py
2026-02-04 20:36:40,502 - Knowledge - INFO - Worker kw7 processing /app/data/T0015/315188/b2119g2/tr69hostif-315188/src/unittest/stubs/rbus/src/rtmessage/rtLog.h
2026-02-04 20:36:40,593 - Knowledge - INFO - Worker kw8 processing /app/data/T0015/315188/b2119g2/tr69hostif-315188/src/unittest/stubs/rbus/src/rtmessage/rtAtomic.h
2026-02-04 20:36:40,694 - Knowledge - INFO - Worker kw9 processing /app/data/T0015/315188/b2119g2/tr69hostif-315188/src/unittest/stubs/rbus/src/rtmessage/rtAdvisory.h
2026-02-04 20:36:40,839 - Knowledge - INFO - Worker kw10 processing /app/data/T0015/315188/b2119g2/tr69hostif-315188/src/unittest/stubs/rbus/include/rbus_object.h
2026-02-04 20:36:40,933 - Knowledge - INFO - Worker kw11 processing /app/data/T0015/315188/b2119g2/tr69hostif-315188/src/unittest/stubs/rbus/utils/dataProvider/dmProviderHost.h
2026-02-04 20:36:41,061 - Knowledge - INFO - Worker kw12 processing /app/data/T0015/315188/b2119g2/tr69hostif-315188/src/unittest/stubs/rbus/utils/dataProvider/dmClient.h
2026-02-04 20:36:41,158 - Knowledge - INFO - Fast-tracked /app/data/T0015/315188/b2119g2/tr69hostif-315188/src/unittest/stubs/rbus/utils/dataProvider/dmQuery.h (ext=.h, size=1214)
2026-02-04 20:36:41,236 - Knowledge - INFO - Worker kw14 processing /app/data/T0015/315188/b2119g2/tr69hostif-315188/src/unittest/stubs/dsCompositeInTypes.h
2026-02-04 20:36:41,318 - Knowledge - INFO - Batch sizing: calculated=6, max_allowed=10, queue=288, active_workers=14/16
2026-02-04 20:36:41,400 - Knowledge - INFO - [kw16] Queue=282, InProgress=0, PendingWorkers=14/16, Completed=6/366 (1.6%)
2026-02-04 20:36:41,516 - Knowledge - INFO - knowledge worker kw17 start
2026-02-04 20:36:41,522 - Knowledge - INFO - Worker kw18 created using shared MongoDB connection pool
2026-02-04 20:36:41,562 - Knowledge - INFO - [LLM_CALL] Completed: cov_build.sh:chunk1, Duration: 5361ms, PromptTokens: 3966, CompletionTokens: 59, Cost: $0.00042
2026-02-04 20:36:41,598 - Knowledge - INFO - process ingested knowledge for /app/data/T0015/315188/b2119g2/tr69hostif-315188/test/functional-tests/tests/basic_constants.py
2026-02-04 20:36:41,692 - Knowledge - INFO - Fast-tracked /app/data/T0015/315188/b2119g2/tr69hostif-315188/src/unittest/stubs/rbus/src/rtmessage/rtMessageHeader.h (small file (2663 bytes))
2026-02-04 20:36:41,811 - Knowledge - INFO - Worker kw8 processing /app/data/T0015/315188/b2119g2/tr69hostif-315188/src/unittest/stubs/rbus/src/rtmessage/rtm_discovery_api.h
2026-02-04 20:36:41,882 - Knowledge - INFO - Fast-tracked /app/data/T0015/315188/b2119g2/tr69hostif-315188/src/unittest/stubs/rbus/src/rtmessage/rtAdvisory.h (ext=.h, size=1191)
2026-02-04 20:36:41,995 - Knowledge - INFO - Worker kw10 processing /app/data/T0015/315188/b2119g2/tr69hostif-315188/src/unittest/stubs/rbus/include/rbus.h
2026-02-04 20:36:42,145 - Knowledge - INFO - Worker kw11 processing /app/data/T0015/315188/b2119g2/tr69hostif-315188/src/unittest/stubs/rbus/utils/dataProvider/dmPropertyInfo.h
2026-02-04 20:36:42,245 - Knowledge - INFO - Fast-tracked /app/data/T0015/315188/b2119g2/tr69hostif-315188/src/unittest/stubs/rbus/utils/dataProvider/dmClient.h (ext=.h, size=1674)
2026-02-04 20:36:42,259 - Knowledge - INFO - Fast-tracked /app/data/T0015/315188/b2119g2/tr69hostif-315188/src/unittest/stubs/rbus/src/rtmessage/rtSemaphore.h (small file (2767 bytes))
2026-02-04 20:36:42,346 - Knowledge - INFO - Worker kw13 processing /app/data/T0015/315188/b2119g2/tr69hostif-315188/src/unittest/stubs/rbus/utils/dataProvider/dmProviderOperation.h
2026-02-04 20:36:42,464 - Knowledge - INFO - Worker kw14 processing /app/data/T0015/315188/b2119g2/tr69hostif-315188/src/unittest/stubs/dm_stubs.cpp
2026-02-04 20:36:42,549 - Knowledge - INFO - Fast-tracked /app/data/T0015/315188/b2119g2/tr69hostif-315188/src/unittest/stubs/rbus/src/rbus/rbus_handle.h (small file (2458 bytes))
2026-02-04 20:36:42,628 - Knowledge - INFO - Batch sizing: calculated=6, max_allowed=10, queue=282, active_workers=15/17
2026-02-04 20:36:42,762 - Knowledge - INFO - [kw17] Queue=276, InProgress=0, PendingWorkers=15/17, Completed=6/366 (1.6%)
2026-02-04 20:36:42,852 - Knowledge - INFO - knowledge worker kw18 start
2026-02-04 20:36:42,852 - Knowledge - INFO - Worker kw19 created using shared MongoDB connection pool
2026-02-04 20:36:42,942 - Knowledge - INFO - done ingest for /app/data/T0015/315188/b2119g2/tr69hostif-315188/cov_build.sh
2026-02-04 20:36:42,945 - Knowledge - INFO - Worker kw15 processing /app/data/T0015/315188/b2119g2/tr69hostif-315188/src/unittest/stubs/wdmp_internal.h
2026-02-04 20:36:43,026 - Knowledge - INFO - process ingested knowledge for /app/data/T0015/315188/b2119g2/tr69hostif-315188/test/functional-tests/tests/tr69hostif_webpa.py
2026-02-04 20:36:43,133 - Knowledge - INFO - Fast-tracked /app/data/T0015/315188/b2119g2/tr69hostif-315188/src/unittest/stubs/rbus/src/rtmessage/rtrouteBase.h (small file (2455 bytes))
2026-02-04 20:36:43,246 - Knowledge - INFO - Fast-tracked /app/data/T0015/315188/b2119g2/tr69hostif-315188/src/unittest/stubs/rbus/src/rtmessage/rtm_discovery_api.h (ext=.h, size=1361)
2026-02-04 20:36:43,316 - Knowledge - INFO - Worker kw9 processing /app/data/T0015/315188/b2119g2/tr69hostif-315188/src/unittest/stubs/rbus/src/rtmessage/rtDebug.h
2026-02-04 20:36:43,445 - Knowledge - INFO - Worker kw10 processing /app/data/T0015/315188/b2119g2/tr69hostif-315188/src/unittest/stubs/rbus/include/rbus_message.h
2026-02-04 20:36:43,536 - Knowledge - INFO - Fast-tracked /app/data/T0015/315188/b2119g2/tr69hostif-315188/src/unittest/stubs/rbus/utils/dataProvider/dmPropertyInfo.h (ext=.h, size=1720)
2026-02-04 20:36:43,645 - Knowledge - INFO - Worker kw12 processing /app/data/T0015/315188/b2119g2/tr69hostif-315188/src/unittest/stubs/rbus/utils/dataProvider/dmValueType.h
2026-02-04 20:36:43,741 - Knowledge - INFO - Fast-tracked /app/data/T0015/315188/b2119g2/tr69hostif-315188/src/unittest/stubs/rbus/src/rtmessage/rtList.h (small file (2707 bytes))
2026-02-04 20:36:43,852 - Knowledge - INFO - Fast-tracked /app/data/T0015/315188/b2119g2/tr69hostif-315188/src/unittest/stubs/rbus/utils/dataProvider/dmProviderOperation.h (ext=.h, size=1014)
2026-02-04 20:36:43,959 - Knowledge - INFO - Worker kw14 processing /app/data/T0015/315188/b2119g2/tr69hostif-315188/src/unittest/stubs/file_writer.h
2026-02-04 20:36:44,139 - Knowledge - INFO - Worker kw16 processing /app/data/T0015/315188/b2119g2/tr69hostif-315188/src/unittest/stubs/mfrMgr.h
2026-02-04 20:36:44,226 - Knowledge - INFO - Batch sizing: calculated=6, max_allowed=10, queue=276, active_workers=16/18
2026-02-04 20:36:44,342 - Knowledge - INFO - [kw18] Queue=270, InProgress=0, PendingWorkers=16/18, Completed=6/366 (1.6%)
2026-02-04 20:36:44,424 - Knowledge - INFO - knowledge worker kw19 start
2026-02-04 20:36:44,426 - Knowledge - INFO - Worker kw20 created using shared MongoDB connection pool
2026-02-04 20:36:44,757 - Knowledge - INFO - Worker kw15 processing /app/data/T0015/315188/b2119g2/tr69hostif-315188/src/unittest/stubs/libIARM.h
2026-02-04 20:36:44,971 - Knowledge - INFO - process ingested knowledge for /app/data/T0015/315188/b2119g2/tr69hostif-315188/test/functional-tests/tests/test_bootup_sequence.py
2026-02-04 20:36:45,175 - Knowledge - INFO - Fast-tracked /app/data/T0015/315188/b2119g2/tr69hostif-315188/src/unittest/stubs/rbus/src/rtmessage/rtError.h (small file (2696 bytes))
2026-02-04 20:36:45,210 - Knowledge - INFO - Fast-tracked /app/data/T0015/315188/b2119g2/tr69hostif-315188/src/unittest/stubs/rbus/src/rtmessage/rtHashMap.h (small file (2293 bytes))
2026-02-04 20:36:45,334 - Knowledge - INFO - Fast-tracked /app/data/T0015/315188/b2119g2/tr69hostif-315188/src/unittest/stubs/rbus/src/rtmessage/rtDebug.h (ext=.h, size=1058)
2026-02-04 20:36:45,541 - Knowledge - INFO - Fast-tracked /app/data/T0015/315188/b2119g2/tr69hostif-315188/src/unittest/stubs/rbus/src/core/rbuscore_message.h (small file (2329 bytes))
2026-02-04 20:36:45,648 - Knowledge - INFO - Worker kw11 processing /app/data/T0015/315188/b2119g2/tr69hostif-315188/src/unittest/stubs/rbus/utils/dataProvider/dmValue.h
2026-02-04 20:36:45,831 - Knowledge - INFO - Fast-tracked /app/data/T0015/315188/b2119g2/tr69hostif-315188/src/unittest/stubs/rbus/utils/dataProvider/dmValueType.h (ext=.h, size=1320)
2026-02-04 20:36:46,026 - Knowledge - INFO - Worker kw13 processing /app/data/T0015/315188/b2119g2/tr69hostif-315188/src/unittest/stubs/rbus/utils/dataProvider/dmUtility.h
2026-02-04 20:36:46,182 - Knowledge - INFO - Fast-tracked /app/data/T0015/315188/b2119g2/tr69hostif-315188/src/unittest/stubs/file_writer.h (ext=.h, size=678)
2026-02-04 20:36:46,321 - Knowledge - INFO - Worker kw16 processing /app/data/T0015/315188/b2119g2/tr69hostif-315188/src/unittest/stubs/rfcdefaults.ini
2026-02-04 20:36:46,392 - Knowledge - INFO - Worker kw17 processing /app/data/T0015/315188/b2119g2/tr69hostif-315188/src/unittest/stubs/partners_defaults_device.json
2026-02-04 20:36:46,478 - Knowledge - INFO - Batch sizing: calculated=6, max_allowed=10, queue=270, active_workers=17/19
2026-02-04 20:36:46,575 - Knowledge - INFO - [kw19] Queue=264, InProgress=0, PendingWorkers=17/19, Completed=6/366 (1.6%)
2026-02-04 20:36:46,658 - Knowledge - INFO - knowledge worker kw20 start
2026-02-04 20:36:46,731 - Knowledge - INFO - Worker kw15 processing /app/data/T0015/315188/b2119g2/tr69hostif-315188/src/unittest/stubs/power_controller.h
2026-02-04 20:36:46,809 - Knowledge - INFO - process ingested knowledge for /app/data/T0015/315188/b2119g2/tr69hostif-315188/test/functional-tests/tests/helper_functions.py
2026-02-04 20:36:47,129 - Knowledge - INFO - Worker kw9 processing /app/data/T0015/315188/b2119g2/tr69hostif-315188/src/unittest/stubs/rbus/src/rtmessage/rtRetainable.h
2026-02-04 20:36:47,515 - Knowledge - INFO - Worker kw12 processing /app/data/T0015/315188/b2119g2/tr69hostif-315188/src/unittest/stubs/rbus/utils/dataProvider/dmProviderInfo.h
2026-02-04 20:36:47,628 - Knowledge - INFO - Worker kw13 processing /app/data/T0015/315188/b2119g2/tr69hostif-315188/src/unittest/stubs/rbus/utils/dataProvider/dmProviderDatabase.h
2026-02-04 20:36:47,754 - Knowledge - INFO - Worker kw14 processing /app/data/T0015/315188/b2119g2/tr69hostif-315188/src/unittest/stubs/dsTypes.h
2026-02-04 20:36:47,866 - Knowledge - INFO - Fast-tracked /app/data/T0015/315188/b2119g2/tr69hostif-315188/src/unittest/stubs/rfcdefaults.ini (ext=.ini, size=149)
2026-02-04 20:36:48,057 - Knowledge - INFO - Fast-tracked /app/data/T0015/315188/b2119g2/tr69hostif-315188/src/unittest/stubs/partners_defaults_device.json (ext=.json, size=563)
2026-02-04 20:36:48,135 - Knowledge - INFO - Worker kw18 processing /app/data/T0015/315188/b2119g2/tr69hostif-315188/src/unittest/stubs/file_writer.cpp
2026-02-04 20:36:48,259 - Knowledge - INFO - Batch sizing: calculated=6, max_allowed=10, queue=264, active_workers=18/20
2026-02-04 20:36:48,481 - Knowledge - INFO - [kw20] Queue=258, InProgress=0, PendingWorkers=18/20, Completed=6/366 (1.6%)
2026-02-04 20:36:48,636 - Knowledge - INFO - Worker kw15 processing /app/data/T0015/315188/b2119g2/tr69hostif-315188/src/unittest/stubs/wdmp-c.h
2026-02-04 20:36:48,741 - Knowledge - INFO - process ingested knowledge for /app/data/T0015/315188/b2119g2/tr69hostif-315188/test/functional-tests/tests/profile_helper_functions.py
2026-02-04 20:36:48,835 - Knowledge - INFO - Fast-tracked /app/data/T0015/315188/b2119g2/tr69hostif-315188/src/unittest/stubs/rbus/src/rtmessage/rtRetainable.h (ext=.h, size=1397)
2026-02-04 20:36:48,970 - Knowledge - INFO - Worker kw12 processing /app/data/T0015/315188/b2119g2/tr69hostif-315188/src/unittest/stubs/rbus/utils/dataProvider/dmError.h
2026-02-04 20:36:49,084 - Knowledge - INFO - Fast-tracked /app/data/T0015/315188/b2119g2/tr69hostif-315188/src/unittest/stubs/rbus/utils/dataProvider/dmProviderDatabase.h (ext=.h, size=1921)
2026-02-04 20:36:49,207 - Knowledge - INFO - Worker kw14 processing /app/data/T0015/315188/b2119g2/tr69hostif-315188/src/unittest/stubs/mfr_wifi_api.h
2026-02-04 20:36:49,349 - Knowledge - INFO - Worker kw16 processing /app/data/T0015/315188/b2119g2/tr69hostif-315188/src/unittest/stubs/dsVideoDeviceTypes.h
2026-02-04 20:36:49,523 - Knowledge - INFO - Worker kw17 processing /app/data/T0015/315188/b2119g2/tr69hostif-315188/src/unittest/stubs/rdk_debug.h
2026-02-04 20:36:49,664 - Knowledge - INFO - Worker kw18 processing /app/data/T0015/315188/b2119g2/tr69hostif-315188/src/unittest/stubs/powerctrl_stubs.cpp
2026-02-04 20:36:49,765 - Knowledge - INFO - Worker kw19 processing /app/data/T0015/315188/b2119g2/tr69hostif-315188/src/unittest/stubs/dsHdmiInTypes.h
2026-02-04 20:36:49,907 - Knowledge - INFO - Batch sizing: calculated=6, max_allowed=10, queue=258, active_workers=19/20
2026-02-04 20:36:49,915 - Knowledge - INFO - [LLM_CALL] Completed: mfrTypes.h:chunk1, Duration: 12772ms, PromptTokens: 7552, CompletionTokens: 730, Cost: $0.00105
2026-02-04 20:36:50,041 - Knowledge - INFO - Worker kw15 processing /app/data/T0015/315188/b2119g2/tr69hostif-315188/src/unittest/stubs/safec_lib.h
2026-02-04 20:36:50,302 - Knowledge - INFO - Fast-tracked /app/data/T0015/315188/b2119g2/tr69hostif-315188/src/unittest/stubs/rbus/src/rtmessage/local_benchmarking.h (small file (2643 bytes))
2026-02-04 20:36:50,409 - Knowledge - INFO - Fast-tracked /app/data/T0015/315188/b2119g2/tr69hostif-315188/src/unittest/stubs/rbus/utils/dataProvider/dmError.h (ext=.h, size=1299)
2026-02-04 20:36:50,546 - Knowledge - INFO - Worker kw13 processing /app/data/T0015/315188/b2119g2/tr69hostif-315188/src/unittest/stubs/libparodus_log.h
2026-02-04 20:36:50,719 - Knowledge - INFO - Worker kw14 processing /app/data/T0015/315188/b2119g2/tr69hostif-315188/src/unittest/stubs/iarm_stubs.cpp
2026-02-04 20:36:50,849 - Knowledge - INFO - Worker kw16 processing /app/data/T0015/315188/b2119g2/tr69hostif-315188/src/unittest/stubs/wdmp-c.c
2026-02-04 20:36:50,937 - Knowledge - INFO - Fast-tracked /app/data/T0015/315188/b2119g2/tr69hostif-315188/src/unittest/stubs/rbus/src/rtmessage/rtCipher.h (small file (2871 bytes))
2026-02-04 20:36:51,045 - Knowledge - INFO - Fast-tracked /app/data/T0015/315188/b2119g2/tr69hostif-315188/src/unittest/stubs/rdk_debug.h (ext=.h, size=1506)
2026-02-04 20:36:51,270 - Knowledge - INFO - Fast-tracked /app/data/T0015/315188/b2119g2/tr69hostif-315188/src/unittest/stubs/powerctrl_stubs.cpp (ext=.cpp, size=1331)
2026-02-04 20:36:51,352 - Knowledge - INFO - Worker kw19 processing /app/data/T0015/315188/b2119g2/tr69hostif-315188/src/unittest/stubs/tr181store.ini
2026-02-04 20:36:51,583 - Knowledge - INFO - done ingest for /app/data/T0015/315188/b2119g2/tr69hostif-315188/src/unittest/stubs/mfrTypes.h
2026-02-04 20:36:51,594 - Knowledge - INFO - Worker kw20 processing /app/data/T0015/315188/b2119g2/tr69hostif-315188/src/unittest/stubs/ds/displayConnectionChangeListener.hpp
2026-02-04 20:36:51,715 - Knowledge - INFO - Worker kw15 processing /app/data/T0015/315188/b2119g2/tr69hostif-315188/src/unittest/stubs/fwdnldstatus.txt
2026-02-04 20:36:52,030 - Knowledge - INFO - Fast-tracked /app/data/T0015/315188/b2119g2/tr69hostif-315188/src/unittest/stubs/rbus/utils/dataProvider/dmQueryResult.h (small file (2006 bytes))
2026-02-04 20:36:52,196 - Knowledge - INFO - Worker kw13 processing /app/data/T0015/315188/b2119g2/tr69hostif-315188/src/unittest/stubs/dsFPDTypes.h
2026-02-04 20:36:52,373 - Knowledge - INFO - Worker kw16 processing /app/data/T0015/315188/b2119g2/tr69hostif-315188/src/unittest/stubs/pwrMgr.h
2026-02-04 20:36:52,579 - Knowledge - INFO - Worker kw17 processing /app/data/T0015/315188/b2119g2/tr69hostif-315188/src/unittest/stubs/paramMgr.h
2026-02-04 20:36:52,653 - Knowledge - INFO - [LLM_CALL] Completed: secure_wrapper.c:chunk1, Duration: 13942ms, PromptTokens: 14422, CompletionTokens: 545, Cost: $0.00166
2026-02-04 20:36:52,754 - Knowledge - INFO - Worker kw18 processing /app/data/T0015/315188/b2119g2/tr69hostif-315188/src/unittest/stubs/cimplog/cimplog.h
2026-02-04 20:36:52,985 - Knowledge - INFO - Fast-tracked /app/data/T0015/315188/b2119g2/tr69hostif-315188/src/unittest/stubs/tr181store.ini (ext=.ini, size=588)
2026-02-04 20:36:53,458 - Knowledge - INFO - Fast-tracked /app/data/T0015/315188/b2119g2/tr69hostif-315188/src/unittest/stubs/ds/displayConnectionChangeListener.hpp (ext=.hpp, size=1235)
2026-02-04 20:36:53,572 - Knowledge - INFO - Fast-tracked /app/data/T0015/315188/b2119g2/tr69hostif-315188/src/unittest/stubs/rbus/src/rtmessage/rtAtomic.h (small file (2359 bytes))
2026-02-04 20:36:53,579 - Knowledge - INFO - Fast-tracked /app/data/T0015/315188/b2119g2/tr69hostif-315188/src/unittest/stubs/fwdnldstatus.txt (ext=.txt, size=459)
2026-02-04 20:36:53,699 - Knowledge - INFO - Fast-tracked /app/data/T0015/315188/b2119g2/tr69hostif-315188/src/unittest/stubs/rbus/utils/dataProvider/dmProvider.h (small file (2077 bytes))
2026-02-04 20:36:53,888 - Knowledge - INFO - Worker kw16 processing /app/data/T0015/315188/b2119g2/tr69hostif-315188/src/unittest/stubs/wdmp_internal.c
2026-02-04 20:36:54,009 - Knowledge - INFO - Fast-tracked /app/data/T0015/315188/b2119g2/tr69hostif-315188/src/unittest/stubs/paramMgr.h (ext=.h, size=343)
2026-02-04 20:36:54,206 - Knowledge - INFO - done ingest for /app/data/T0015/315188/b2119g2/tr69hostif-315188/src/unittest/stubs/secure_wrapper.c
2026-02-04 20:36:54,222 - Knowledge - INFO - [LLM_CALL] Completed: rbus_subscriptions.h:chunk1, Duration: 15423ms, PromptTokens: 2682, CompletionTokens: 578, Cost: $0.00050
2026-02-04 20:36:54,359 - Knowledge - INFO - Fast-tracked /app/data/T0015/315188/b2119g2/tr69hostif-315188/src/unittest/stubs/cimplog/cimplog.h (ext=.h, size=1205)
2026-02-04 20:36:54,426 - Knowledge - INFO - Worker kw19 processing /app/data/T0015/315188/b2119g2/tr69hostif-315188/src/unittest/stubs/dm_stubs.h
2026-02-04 20:36:54,555 - Knowledge - INFO - Worker kw20 processing /app/data/T0015/315188/b2119g2/tr69hostif-315188/src/unittest/stubs/ds/dsHALConfig.h
2026-02-04 20:36:55,024 - Knowledge - INFO - Fast-tracked /app/data/T0015/315188/b2119g2/tr69hostif-315188/src/unittest/stubs/rbus/utils/dataProvider/dmProviderInfo.h (small file (2117 bytes))
2026-02-04 20:36:55,130 - Knowledge - INFO - Worker kw17 processing /app/data/T0015/315188/b2119g2/tr69hostif-315188/src/unittest/stubs/dsAVDTypes.h
2026-02-04 20:36:55,527 - Knowledge - INFO - done ingest for /app/data/T0015/315188/b2119g2/tr69hostif-315188/src/unittest/stubs/rbus/src/rbus/rbus_subscriptions.h
2026-02-04 20:36:55,619 - Knowledge - INFO - [WEBSOCKET] Sent: Type=progress_update, Size: 289, Duration: 0ms
2026-02-04 20:36:55,674 - Knowledge - INFO - Worker kw18 processing /app/data/T0015/315188/b2119g2/tr69hostif-315188/src/unittest/stubs/sysMgr.h
2026-02-04 20:36:55,779 - Knowledge - INFO - Fast-tracked /app/data/T0015/315188/b2119g2/tr69hostif-315188/src/unittest/stubs/dm_stubs.h (ext=.h, size=717)
2026-02-04 20:36:55,893 - Knowledge - INFO - Fast-tracked /app/data/T0015/315188/b2119g2/tr69hostif-315188/src/unittest/stubs/ds/dsHALConfig.h (ext=.h, size=757)
2026-02-04 20:36:56,267 - Knowledge - INFO - Worker kw17 processing /app/data/T0015/315188/b2119g2/tr69hostif-315188/src/unittest/stubs/mfr_wifi_types.h
2026-02-04 20:36:56,562 - Knowledge - INFO - [WEBSOCKET] Sent: Type=unknown, Size: ?, Duration: 943ms
2026-02-04 20:36:56,830 - Knowledge - INFO - Worker kw18 processing /app/data/T0015/315188/b2119g2/tr69hostif-315188/src/unittest/stubs/rfcapi.h
2026-02-04 20:36:56,865 - Knowledge - INFO - Worker kw19 processing /app/data/T0015/315188/b2119g2/tr69hostif-315188/src/unittest/stubs/ds/frontPanelSettings.hpp
2026-02-04 20:36:57,079 - Knowledge - INFO - Worker kw20 processing /app/data/T0015/315188/b2119g2/tr69hostif-315188/src/unittest/stubs/ds/powerModeChangeListener.hpp
2026-02-04 20:36:57,186 - Knowledge - INFO - Worker kw17 processing /app/data/T0015/315188/b2119g2/tr69hostif-315188/src/unittest/stubs/secure_wrapper.h
2026-02-04 20:36:57,323 - Knowledge - INFO - Progress: 2.7% | Files: 12/366 | Rate: 0.32 files/sec | Queue: 246
2026-02-04 20:36:57,638 - Knowledge - INFO - Worker kw18 processing /app/data/T0015/315188/b2119g2/tr69hostif-315188/src/unittest/stubs/libparodus.h
2026-02-04 20:36:57,771 - Knowledge - INFO - Worker kw19 processing /app/data/T0015/315188/b2119g2/tr69hostif-315188/src/unittest/stubs/ds/audioOutputPortType.hpp
2026-02-04 20:36:57,777 - Knowledge - INFO - Processing batch of 6 files
2026-02-04 20:36:58,027 - Knowledge - INFO - Fast-tracked /app/data/T0015/315188/b2119g2/tr69hostif-315188/src/unittest/stubs/ds/powerModeChangeListener.hpp (ext=.hpp, size=1074)
2026-02-04 20:36:58,172 - Knowledge - INFO - [LLM_CALL] Completed: libIBusDaemon.h:chunk1, Duration: 15230ms, PromptTokens: 5496, CompletionTokens: 757, Cost: $0.00085
2026-02-04 20:36:58,392 - Knowledge - INFO - [kw1] Queue=246, InProgress=0, PendingWorkers=20/20, Completed=18/366 (4.9%)
2026-02-04 20:36:58,628 - Knowledge - INFO - Fast-tracked /app/data/T0015/315188/b2119g2/tr69hostif-315188/src/unittest/stubs/file_writer.cpp (small file (2188 bytes))
2026-02-04 20:36:58,763 - Knowledge - INFO - Worker kw19 processing /app/data/T0015/315188/b2119g2/tr69hostif-315188/src/unittest/stubs/ds/compositeIn.hpp
2026-02-04 20:36:58,816 - Knowledge - INFO - process ingested knowledge for /app/data/T0015/315188/b2119g2/tr69hostif-315188/src/unittest/stubs/rbus/src/rtmessage/local_benchmarking.h
2026-02-04 20:36:58,961 - Knowledge - INFO - Worker kw20 processing /app/data/T0015/315188/b2119g2/tr69hostif-315188/src/unittest/stubs/ds/host.hpp
2026-02-04 20:36:59,197 - Knowledge - INFO - done ingest for /app/data/T0015/315188/b2119g2/tr69hostif-315188/src/unittest/stubs/libIBusDaemon.h
2026-02-04 20:36:59,211 - Knowledge - INFO - Processing batch of 6 files
2026-02-04 20:36:59,261 - Knowledge - INFO - [LLM_CALL] Completed: libIBus.h:chunk1, Duration: 21175ms, PromptTokens: 7468, CompletionTokens: 1360, Cost: $0.00129
2026-02-04 20:36:59,324 - Knowledge - INFO - Batch sizing: calculated=6, max_allowed=10, queue=246, active_workers=20/20
2026-02-04 20:36:59,827 - Knowledge - INFO - process ingested knowledge for /app/data/T0015/315188/b2119g2/tr69hostif-315188/src/unittest/stubs/rbus/src/rtmessage/rtMemory.h
2026-02-04 20:37:00,103 - Knowledge - INFO - Worker kw20 processing /app/data/T0015/315188/b2119g2/tr69hostif-315188/src/unittest/stubs/ds/dsregisterlog.h
2026-02-04 20:37:00,322 - Knowledge - INFO - process ingested knowledge for /app/data/T0015/315188/b2119g2/tr69hostif-315188/src/unittest/stubs/rbus/utils/dataProvider/dmQueryResult.h
2026-02-04 20:37:00,531 - Knowledge - INFO - done ingest for /app/data/T0015/315188/b2119g2/tr69hostif-315188/src/unittest/stubs/libIBus.h
2026-02-04 20:37:00,605 - Knowledge - INFO - [LLM_CALL] Completed: rbus_element.h:chunk1, Duration: 20228ms, PromptTokens: 2638, CompletionTokens: 824, Cost: $0.00059
2026-02-04 20:37:00,822 - Knowledge - INFO - process ingested knowledge for /app/data/T0015/315188/b2119g2/tr69hostif-315188/src/unittest/stubs/rbus/src/rtmessage/rtSocket.h
2026-02-04 20:37:00,953 - Knowledge - INFO - Fast-tracked /app/data/T0015/315188/b2119g2/tr69hostif-315188/src/unittest/stubs/ds/dsregisterlog.h (ext=.h, size=1026)
2026-02-04 20:37:01,002 - Knowledge - INFO - Split /app/data/T0015/315188/b2119g2/tr69hostif-315188/src/unittest/stubs/rbus/include/rbus.h (85780 bytes) into 3 chunks of ~32KB
2026-02-04 20:37:01,062 - Knowledge - INFO - process ingested knowledge for /app/data/T0015/315188/b2119g2/tr69hostif-315188/src/unittest/stubs/rbus/utils/dataProvider/dmProvider.h
2026-02-04 20:37:01,387 - Knowledge - INFO - done ingest for /app/data/T0015/315188/b2119g2/tr69hostif-315188/src/unittest/stubs/rbus/src/rbus/rbus_element.h
2026-02-04 20:37:01,399 - Knowledge - INFO - Async storing batch of 6 embeddings
2026-02-04 20:37:01,540 - Knowledge - INFO - process ingested knowledge for /app/data/T0015/315188/b2119g2/tr69hostif-315188/src/unittest/stubs/rbus/src/rtmessage/rtAdvisory.h
2026-02-04 20:37:01,624 - Knowledge - INFO - Worker kw20 processing /app/data/T0015/315188/b2119g2/tr69hostif-315188/src/unittest/stubs/ds/sleepMode.hpp
2026-02-04 20:37:01,883 - Knowledge - INFO - process ingested knowledge for /app/data/T0015/315188/b2119g2/tr69hostif-315188/src/unittest/stubs/rbus/utils/dataProvider/dmClient.h
2026-02-04 20:37:02,063 - Knowledge - INFO - Processing batch of 6 files
2026-02-04 20:37:02,204 - Knowledge - INFO - Worker kw1 processing /app/data/T0015/315188/b2119g2/tr69hostif-315188/src/unittest/stubs/ds/pixelResolution.hpp
2026-02-04 20:37:02,217 - Knowledge - INFO - Processing batch of 6 files
2026-02-04 20:37:02,234 - Knowledge - INFO - process ingested knowledge for /app/data/T0015/315188/b2119g2/tr69hostif-315188/src/unittest/stubs/rbus/src/rtmessage/rtDebug.h
2026-02-04 20:37:02,446 - Knowledge - INFO - Fast-tracked /app/data/T0015/315188/b2119g2/tr69hostif-315188/src/unittest/stubs/ds/sleepMode.hpp (ext=.hpp, size=1707)
2026-02-04 20:37:02,448 - Knowledge - INFO - [LLM_CALL] Completed: rtLog.h:chunk1, Duration: 15545ms, PromptTokens: 2496, CompletionTokens: 670, Cost: $0.00052
2026-02-04 20:37:02,552 - Knowledge - INFO - process ingested knowledge for /app/data/T0015/315188/b2119g2/tr69hostif-315188/src/unittest/stubs/rbus/utils/dataProvider/dmValueType.h
2026-02-04 20:37:02,761 - Knowledge - INFO - process ingested knowledge for /app/data/T0015/315188/b2119g2/tr69hostif-315188/src/unittest/stubs/mfr_temperature.h
2026-02-04 20:37:02,980 - Knowledge - INFO - Worker kw1 processing /app/data/T0015/315188/b2119g2/tr69hostif-315188/src/unittest/stubs/ds/frontPanelIndicator.hpp
2026-02-04 20:37:03,071 - Knowledge - INFO - process ingested knowledge for /app/data/T0015/315188/b2119g2/tr69hostif-315188/test/functional-tests/tests/test_handlers_communications.py
2026-02-04 20:37:03,181 - Knowledge - INFO - process ingested knowledge for /app/data/T0015/315188/b2119g2/tr69hostif-315188/src/unittest/stubs/rbus/src/rtmessage/rtRetainable.h
2026-02-04 20:37:03,548 - Knowledge - INFO - done ingest for /app/data/T0015/315188/b2119g2/tr69hostif-315188/src/unittest/stubs/rbus/src/rtmessage/rtLog.h
2026-02-04 20:37:03,665 - Knowledge - INFO - process ingested knowledge for /app/data/T0015/315188/b2119g2/tr69hostif-315188/src/unittest/stubs/rbus/utils/dataProvider/dmProviderInfo.h
2026-02-04 20:37:03,907 - Knowledge - INFO - process ingested knowledge for /app/data/T0015/315188/b2119g2/tr69hostif-315188/src/unittest/stubs/secure_wrapper.c
2026-02-04 20:37:04,003 - Knowledge - INFO - Worker kw1 processing /app/data/T0015/315188/b2119g2/tr69hostif-315188/src/unittest/stubs/ds/illegalArgumentException.hpp
2026-02-04 20:37:04,092 - Knowledge - INFO - process ingested knowledge for /app/data/T0015/315188/b2119g2/tr69hostif-315188/cov_build.sh
2026-02-04 20:37:04,516 - Knowledge - INFO - process ingested knowledge for /app/data/T0015/315188/b2119g2/tr69hostif-315188/src/unittest/stubs/rbus/utils/dataProvider/dmError.h
2026-02-04 20:37:04,846 - Knowledge - INFO - process ingested knowledge for /app/data/T0015/315188/b2119g2/tr69hostif-315188/src/unittest/stubs/remote_debugger.json
2026-02-04 20:37:05,005 - Knowledge - INFO - Worker kw1 processing /app/data/T0015/315188/b2119g2/tr69hostif-315188/src/unittest/stubs/ds/list.hpp
2026-02-04 20:37:05,249 - Knowledge - INFO - process ingested knowledge for /app/data/T0015/315188/b2119g2/tr69hostif-315188/scripts/validateDataModel.py
2026-02-04 20:37:05,626 - Knowledge - INFO - Worker kw1 processing /app/data/T0015/315188/b2119g2/tr69hostif-315188/src/unittest/stubs/ds/videoDFC.hpp
2026-02-04 20:37:05,802 - Knowledge - INFO - [LLM_CALL] Completed: rtMessage.h:chunk1, Duration: 18688ms, PromptTokens: 4932, CompletionTokens: 782, Cost: $0.00081
2026-02-04 20:37:05,959 - Knowledge - INFO - Worker kw1 processing /app/data/T0015/315188/b2119g2/tr69hostif-315188/src/unittest/stubs/ds/audioCompression.hpp
2026-02-04 20:37:06,065 - Knowledge - INFO - done ingest for /app/data/T0015/315188/b2119g2/tr69hostif-315188/src/unittest/stubs/rbus/src/rtmessage/rtMessage.h
2026-02-04 20:37:06,195 - Knowledge - INFO - process ingested knowledge for /app/data/T0015/315188/b2119g2/tr69hostif-315188/src/unittest/stubs/libIBusDaemon.h
2026-02-04 20:37:06,216 - Knowledge - INFO - Fast-tracked /app/data/T0015/315188/b2119g2/tr69hostif-315188/src/unittest/stubs/ds/audioCompression.hpp (ext=.hpp, size=1906)
2026-02-04 20:37:06,476 - Knowledge - INFO - process ingested knowledge for /app/data/T0015/315188/b2119g2/tr69hostif-315188/src/unittest/stubs/mfrTypes.h
2026-02-04 20:37:06,560 - Knowledge - INFO - Async storage completed for 6 embeddings
2026-02-04 20:37:06,845 - Knowledge - INFO - process ingested knowledge for /app/data/T0015/315188/b2119g2/tr69hostif-315188/src/unittest/stubs/rbus/src/rbus/rbus_valuechange.h
2026-02-04 20:37:06,865 - Knowledge - INFO - process ingested knowledge for /app/data/T0015/315188/b2119g2/tr69hostif-315188/src/unittest/stubs/libIBus.h
2026-02-04 20:37:06,871 - Knowledge - INFO - Fast-tracked /app/data/T0015/315188/b2119g2/tr69hostif-315188/src/unittest/stubs/ds/pixelResolution.hpp (small file (2065 bytes))
2026-02-04 20:37:07,285 - Knowledge - INFO - Fast-tracked /app/data/T0015/315188/b2119g2/tr69hostif-315188/src/unittest/stubs/libparodus_log.h (small file (2226 bytes))
2026-02-04 20:37:07,465 - Knowledge - INFO - process ingested knowledge for /app/data/T0015/315188/b2119g2/tr69hostif-315188/src/unittest/stubs/rbus/src/rbus/rbus_asyncsubscribe.h
2026-02-04 20:37:07,468 - Knowledge - INFO - process ingested knowledge for /app/data/T0015/315188/b2119g2/tr69hostif-315188/src/unittest/stubs/paramMgr.c
2026-02-04 20:37:07,531 - Knowledge - INFO - [LLM_CALL] Completed: rbus_buffer.h:chunk1, Duration: 23475ms, PromptTokens: 3362, CompletionTokens: 1767, Cost: $0.00104
2026-02-04 20:37:08,003 - Knowledge - INFO - done ingest for /app/data/T0015/315188/b2119g2/tr69hostif-315188/src/unittest/stubs/rbus/src/rbus/rbus_buffer.h
2026-02-04 20:37:08,037 - Knowledge - INFO - [WEBSOCKET] Sent: Type=progress_update, Size: 292, Duration: 0ms
2026-02-04 20:37:08,401 - Knowledge - INFO - [WEBSOCKET] Sent: Type=unknown, Size: ?, Duration: 364ms
2026-02-04 20:37:08,631 - Knowledge - INFO - Progress: 10.9% | Files: 40/366 | Rate: 0.81 files/sec | Queue: 240
2026-02-04 20:37:08,666 - Knowledge - INFO - Processing batch of 6 files
2026-02-04 20:37:09,001 - Knowledge - INFO - process ingested knowledge for /app/data/T0015/315188/b2119g2/tr69hostif-315188/src/unittest/stubs/rbus/src/rtmessage/rtMessageHeader.h
2026-02-04 20:37:09,503 - Knowledge - INFO - [kw9] Queue=240, InProgress=0, PendingWorkers=20/20, Completed=42/366 (11.5%)
2026-02-04 20:37:09,504 - Knowledge - INFO - [kw12] Queue=240, InProgress=0, PendingWorkers=20/20, Completed=42/366 (11.5%)
2026-02-04 20:37:09,505 - Knowledge - INFO - process ingested knowledge for /app/data/T0015/315188/b2119g2/tr69hostif-315188/src/unittest/stubs/rbus/src/rtmessage/rtBuffer.h
2026-02-04 20:37:09,597 - Knowledge - INFO - Processing batch of 6 files
2026-02-04 20:37:09,767 - Knowledge - INFO - Batch sizing: calculated=6, max_allowed=10, queue=240, active_workers=20/20
2026-02-04 20:37:09,910 - Knowledge - INFO - Batch sizing: calculated=6, max_allowed=10, queue=240, active_workers=20/20
2026-02-04 20:37:10,183 - Knowledge - INFO - process ingested knowledge for /app/data/T0015/315188/b2119g2/tr69hostif-315188/src/unittest/stubs/rbus/src/rtmessage/rtHashMap.h
2026-02-04 20:37:10,300 - Knowledge - INFO - process ingested knowledge for /app/data/T0015/315188/b2119g2/tr69hostif-315188/src/unittest/stubs/rbus/src/rtmessage/rtrouteBase.h
2026-02-04 20:37:10,571 - Knowledge - INFO - Async storing batch of 6 embeddings
2026-02-04 20:37:10,677 - Knowledge - INFO - Processing batch of 6 files
2026-02-04 20:37:10,903 - Knowledge - INFO - Async storing batch of 6 embeddings
2026-02-04 20:37:10,920 - Knowledge - INFO - Worker kw9 processing /app/data/T0015/315188/b2119g2/tr69hostif-315188/src/unittest/stubs/ds/frontPanelTextDisplay.hpp
2026-02-04 20:37:11,042 - Knowledge - INFO - process ingested knowledge for /app/data/T0015/315188/b2119g2/tr69hostif-315188/src/unittest/stubs/rbus/src/rbus/rbus_subscriptions.h
2026-02-04 20:37:11,158 - Knowledge - INFO - Worker kw12 processing /app/data/T0015/315188/b2119g2/tr69hostif-315188/src/unittest/stubs/ds/manager.hpp
2026-02-04 20:37:11,262 - Knowledge - INFO - Worker kw9 processing /app/data/T0015/315188/b2119g2/tr69hostif-315188/src/unittest/stubs/ds/hostEDID.hpp
2026-02-04 20:37:11,360 - Knowledge - INFO - process ingested knowledge for /app/data/T0015/315188/b2119g2/tr69hostif-315188/src/unittest/stubs/rbus/src/rtmessage/rtError.h
2026-02-04 20:37:11,556 - Knowledge - INFO - Worker kw12 processing /app/data/T0015/315188/b2119g2/tr69hostif-315188/src/unittest/stubs/ds/videoResolution.hpp
2026-02-04 20:37:11,700 - Knowledge - INFO - process ingested knowledge for /app/data/T0015/315188/b2119g2/tr69hostif-315188/src/unittest/stubs/rbus/src/rtmessage/rtMessage.h
2026-02-04 20:37:11,707 - Knowledge - INFO - process ingested knowledge for /app/data/T0015/315188/b2119g2/tr69hostif-315188/src/unittest/stubs/rbus/src/rbus/rbus_tokenchain.h
2026-02-04 20:37:11,718 - Knowledge - INFO - Fast-tracked /app/data/T0015/315188/b2119g2/tr69hostif-315188/src/unittest/stubs/ds/hostEDID.hpp (ext=.hpp, size=971)
2026-02-04 20:37:11,777 - Knowledge - INFO - Fast-tracked /app/data/T0015/315188/b2119g2/tr69hostif-315188/src/unittest/stubs/mfr_wifi_types.h (small file (2017 bytes))
2026-02-04 20:37:11,880 - Knowledge - INFO - [LLM_CALL] Completed: rtRoutingTree.h:chunk1, Duration: 25860ms, PromptTokens: 5078, CompletionTokens: 762, Cost: $0.00081
2026-02-04 20:37:11,915 - Knowledge - INFO - Worker kw12 processing /app/data/T0015/315188/b2119g2/tr69hostif-315188/src/unittest/stubs/ds/videoOutputPortType.hpp
2026-02-04 20:37:11,940 - Knowledge - INFO - process ingested knowledge for /app/data/T0015/315188/b2119g2/tr69hostif-315188/src/unittest/stubs/rbus/src/rtmessage/rtThreadPool.h
2026-02-04 20:37:11,985 - Knowledge - INFO - process ingested knowledge for /app/data/T0015/315188/b2119g2/tr69hostif-315188/src/unittest/stubs/rbus/src/rtmessage/rtrouter_diag.h
2026-02-04 20:37:12,095 - Knowledge - INFO - process ingested knowledge for /app/data/T0015/315188/b2119g2/tr69hostif-315188/src/unittest/stubs/rbus/src/rbus/rbus_handle.h
2026-02-04 20:37:12,208 - Knowledge - INFO - Worker kw9 processing /app/data/T0015/315188/b2119g2/tr69hostif-315188/src/unittest/stubs/ds/enumerable.hpp
2026-02-04 20:37:12,398 - Knowledge - INFO - done ingest for /app/data/T0015/315188/b2119g2/tr69hostif-315188/src/unittest/stubs/rbus/src/rtmessage/rtRoutingTree.h
2026-02-04 20:37:12,400 - Knowledge - INFO - [WEBSOCKET] Sent: Type=progress_update, Size: 292, Duration: 2ms
2026-02-04 20:37:12,504 - Knowledge - INFO - Worker kw12 processing /app/data/T0015/315188/b2119g2/tr69hostif-315188/src/unittest/stubs/ds/exception.hpp
2026-02-04 20:37:12,575 - Knowledge - INFO - process ingested knowledge for /app/data/T0015/315188/b2119g2/tr69hostif-315188/src/unittest/stubs/rbus/src/rtmessage/rtLog.h
2026-02-04 20:37:12,668 - Knowledge - INFO - process ingested knowledge for /app/data/T0015/315188/b2119g2/tr69hostif-315188/src/unittest/stubs/rbus/src/rtmessage/rtBase64.h
2026-02-04 20:37:12,768 - Knowledge - INFO - process ingested knowledge for /app/data/T0015/315188/b2119g2/tr69hostif-315188/src/unittest/stubs/rbus/src/rbus/rbus_log.h
2026-02-04 20:37:12,794 - Knowledge - INFO - Fast-tracked /app/data/T0015/315188/b2119g2/tr69hostif-315188/src/unittest/stubs/rfcapi.h (small file (2343 bytes))
2026-02-04 20:37:12,885 - Knowledge - INFO - Fast-tracked /app/data/T0015/315188/b2119g2/tr69hostif-315188/src/unittest/stubs/ds/enumerable.hpp (ext=.hpp, size=1345)
2026-02-04 20:37:13,080 - Knowledge - INFO - [kw3] Queue=228, InProgress=0, PendingWorkers=20/20, Completed=48/366 (13.1%)
2026-02-04 20:37:13,085 - Knowledge - INFO - [LLM_CALL] Completed: rbuscore_types.h:chunk1, Duration: 34119ms, PromptTokens: 2374, CompletionTokens: 348, Cost: $0.00038
2026-02-04 20:37:13,261 - Knowledge - INFO - Worker kw12 processing /app/data/T0015/315188/b2119g2/tr69hostif-315188/src/unittest/stubs/ds/aspectRatio.hpp
2026-02-04 20:37:13,507 - Knowledge - INFO - process ingested knowledge for /app/data/T0015/315188/b2119g2/tr69hostif-315188/src/unittest/stubs/rbus/src/rtmessage/rtAtomic.h
2026-02-04 20:37:13,516 - Knowledge - INFO - process ingested knowledge for /app/data/T0015/315188/b2119g2/tr69hostif-315188/src/unittest/stubs/rbus/src/rbus/rbus_buffer.h
2026-02-04 20:37:13,724 - Knowledge - INFO - Worker kw9 processing /app/data/T0015/315188/b2119g2/tr69hostif-315188/src/unittest/stubs/ds/edid-parser.hpp
2026-02-04 20:37:13,840 - Knowledge - INFO - Batch sizing: calculated=6, max_allowed=10, queue=228, active_workers=20/20
2026-02-04 20:37:13,926 - Knowledge - INFO - done ingest for /app/data/T0015/315188/b2119g2/tr69hostif-315188/src/unittest/stubs/rbus/src/core/rbuscore_types.h
2026-02-04 20:37:13,926 - Knowledge - INFO - [WEBSOCKET] Sent: Type=unknown, Size: ?, Duration: 1528ms
2026-02-04 20:37:14,027 - Knowledge - INFO - Fast-tracked /app/data/T0015/315188/b2119g2/tr69hostif-315188/src/unittest/stubs/ds/aspectRatio.hpp (ext=.hpp, size=1765)
2026-02-04 20:37:14,141 - Knowledge - INFO - process ingested knowledge for /app/data/T0015/315188/b2119g2/tr69hostif-315188/src/unittest/stubs/rbus/src/rtmessage/rtm_discovery_api.h
2026-02-04 20:37:14,220 - Knowledge - INFO - process ingested knowledge for /app/data/T0015/315188/b2119g2/tr69hostif-315188/src/unittest/stubs/rbus/src/rbus/rbus_intervalsubscription.h
2026-02-04 20:37:14,300 - Knowledge - INFO - Worker kw9 processing /app/data/T0015/315188/b2119g2/tr69hostif-315188/src/unittest/stubs/ds/audioOutputPort.hpp
2026-02-04 20:37:14,637 - Knowledge - INFO - Progress: 13.1% | Files: 48/366 | Rate: 0.90 files/sec | Queue: 222
2026-02-04 20:37:14,672 - Knowledge - INFO - Async storing batch of 6 embeddings
2026-02-04 20:37:14,682 - Knowledge - INFO - [kw7] Queue=222, InProgress=0, PendingWorkers=20/20, Completed=48/366 (13.1%)
2026-02-04 20:37:14,735 - Knowledge - INFO - Worker kw12 processing /app/data/T0015/315188/b2119g2/tr69hostif-315188/src/unittest/stubs/ds/frontPanelConfig.hpp
2026-02-04 20:37:15,163 - Knowledge - INFO - Worker kw9 processing /app/data/T0015/315188/b2119g2/tr69hostif-315188/src/unittest/stubs/ds/stereoScopicMode.hpp
2026-02-04 20:37:15,380 - Knowledge - INFO - Worker kw3 processing /app/data/T0015/315188/b2119g2/tr69hostif-315188/src/unittest/stubs/ds/dslogger.h
2026-02-04 20:37:15,486 - Knowledge - INFO - Batch sizing: calculated=6, max_allowed=10, queue=222, active_workers=20/20
2026-02-04 20:37:15,511 - Knowledge - INFO - [kw2] Queue=222, InProgress=0, PendingWorkers=20/20, Completed=48/366 (13.1%)
2026-02-04 20:37:15,642 - Knowledge - INFO - Fast-tracked /app/data/T0015/315188/b2119g2/tr69hostif-315188/src/unittest/stubs/rbus/utils/dataProvider/dmProviderHost.h (small file (2293 bytes))
2026-02-04 20:37:15,653 - Knowledge - INFO - Async storage completed for 6 embeddings
2026-02-04 20:37:15,779 - Knowledge - INFO - Fast-tracked /app/data/T0015/315188/b2119g2/tr69hostif-315188/src/unittest/stubs/ds/stereoScopicMode.hpp (ext=.hpp, size=1999)
2026-02-04 20:37:15,926 - Knowledge - INFO - Fast-tracked /app/data/T0015/315188/b2119g2/tr69hostif-315188/src/unittest/stubs/ds/dslogger.h (ext=.h, size=1378)
2026-02-04 20:37:15,951 - Knowledge - INFO - [LLM_CALL] Completed: rtConnection.h:chunk1, Duration: 23900ms, PromptTokens: 3644, CompletionTokens: 906, Cost: $0.00073
2026-02-04 20:37:16,117 - Knowledge - INFO - Batch sizing: calculated=6, max_allowed=10, queue=222, active_workers=20/20
2026-02-04 20:37:16,246 - Knowledge - INFO - Fast-tracked /app/data/T0015/315188/b2119g2/tr69hostif-315188/src/unittest/stubs/rbus/utils/dataProvider/dmValue.h (small file (2786 bytes))
2026-02-04 20:37:16,431 - Knowledge - INFO - Async storage completed for 6 embeddings
2026-02-04 20:37:16,524 - Knowledge - INFO - Worker kw3 processing /app/data/T0015/315188/b2119g2/tr69hostif-315188/src/unittest/stubs/ds/videoDevice.hpp
2026-02-04 20:37:16,613 - Knowledge - INFO - done ingest for /app/data/T0015/315188/b2119g2/tr69hostif-315188/src/unittest/stubs/rbus/src/rtmessage/rtConnection.h
2026-02-04 20:37:16,614 - Knowledge - INFO - Async storing batch of 6 embeddings
2026-02-04 20:37:16,614 - Knowledge - INFO - [kw8] Queue=216, InProgress=0, PendingWorkers=20/20, Completed=48/366 (13.1%)
2026-02-04 20:37:16,614 - Knowledge - INFO - [kw4] Queue=216, InProgress=0, PendingWorkers=20/20, Completed=48/366 (13.1%)
2026-02-04 20:37:16,715 - Knowledge - INFO - Async storing batch of 6 embeddings
2026-02-04 20:37:16,999 - Knowledge - INFO - Worker kw3 processing /app/data/T0015/315188/b2119g2/tr69hostif-315188/src/unittest/stubs/ds/frameRate.hpp
2026-02-04 20:37:17,180 - Knowledge - INFO - Processing batch of 6 files
2026-02-04 20:37:17,221 - Knowledge - INFO - Worker kw7 processing /app/data/T0015/315188/b2119g2/tr69hostif-315188/src/unittest/stubs/ds/audioEncoding.hpp
2026-02-04 20:37:17,300 - Knowledge - INFO - Batch sizing: calculated=6, max_allowed=10, queue=216, active_workers=20/20
2026-02-04 20:37:17,409 - Knowledge - INFO - Batch sizing: calculated=6, max_allowed=10, queue=216, active_workers=20/20
2026-02-04 20:37:17,523 - Knowledge - INFO - Worker kw2 processing /app/data/T0015/315188/b2119g2/tr69hostif-315188/src/integrationtest/conf/bootstrap.ini
2026-02-04 20:37:17,641 - Knowledge - INFO - Worker kw3 processing /app/data/T0015/315188/b2119g2/tr69hostif-315188/src/unittest/stubs/ds/videoOutputPort.hpp
2026-02-04 20:37:17,719 - Knowledge - INFO - process ingested knowledge for /app/data/T0015/315188/b2119g2/tr69hostif-315188/src/unittest/stubs/rbus/src/core/rbuscore_types.h
2026-02-04 20:37:17,878 - Knowledge - INFO - Fast-tracked /app/data/T0015/315188/b2119g2/tr69hostif-315188/src/unittest/stubs/ds/audioEncoding.hpp (ext=.hpp, size=1932)
2026-02-04 20:37:17,958 - Knowledge - INFO - Async storing batch of 6 embeddings
2026-02-04 20:37:18,048 - Knowledge - INFO - Async storing batch of 6 embeddings
2026-02-04 20:37:18,060 - Knowledge - INFO - [LLM_CALL] Completed: rbuscore.h:chunk1, Duration: 35082ms, PromptTokens: 8178, CompletionTokens: 2511, Cost: $0.00182
2026-02-04 20:37:18,152 - Knowledge - INFO - Fast-tracked /app/data/T0015/315188/b2119g2/tr69hostif-315188/src/integrationtest/conf/bootstrap.ini (ext=.ini, size=133)
2026-02-04 20:37:18,241 - Knowledge - INFO - Worker kw3 processing /app/data/T0015/315188/b2119g2/tr69hostif-315188/src/unittest/stubs/ds/dsConstant.hpp
2026-02-04 20:37:18,382 - Knowledge - INFO - process ingested knowledge for /app/data/T0015/315188/b2119g2/tr69hostif-315188/src/unittest/stubs/rbus/src/rtmessage/rtSemaphore.h
2026-02-04 20:37:18,467 - Knowledge - INFO - Worker kw7 processing /app/data/T0015/315188/b2119g2/tr69hostif-315188/src/unittest/stubs/ds/libprocps.cpp
2026-02-04 20:37:18,571 - Knowledge - INFO - Worker kw8 processing /app/data/T0015/315188/b2119g2/tr69hostif-315188/src/hostif/src/hostIf_utils.cpp
2026-02-04 20:37:18,694 - Knowledge - INFO - Worker kw4 processing /app/data/T0015/315188/b2119g2/tr69hostif-315188/src/hostif/include/hostIf_main.h
2026-02-04 20:37:18,820 - Knowledge - INFO - done ingest for /app/data/T0015/315188/b2119g2/tr69hostif-315188/src/unittest/stubs/rbus/src/core/rbuscore.h
2026-02-04 20:37:18,918 - Knowledge - INFO - Worker kw2 processing /app/data/T0015/315188/b2119g2/tr69hostif-315188/src/integrationtest/conf/rfcdefaults.ini
2026-02-04 20:37:19,029 - Knowledge - INFO - Worker kw3 processing /app/data/T0015/315188/b2119g2/tr69hostif-315188/src/unittest/stubs/ds/hdmiIn.hpp
2026-02-04 20:37:19,101 - Knowledge - INFO - process ingested knowledge for /app/data/T0015/315188/b2119g2/tr69hostif-315188/src/unittest/stubs/rbus/src/rtmessage/rtList.h
2026-02-04 20:37:19,202 - Knowledge - INFO - Fast-tracked /app/data/T0015/315188/b2119g2/tr69hostif-315188/src/unittest/stubs/ds/libprocps.cpp (ext=.cpp, size=344)
2026-02-04 20:37:19,312 - Knowledge - INFO - Worker kw8 processing /app/data/T0015/315188/b2119g2/tr69hostif-315188/src/hostif/src/IniFile.cpp
2026-02-04 20:37:19,395 - Knowledge - INFO - Worker kw4 processing /app/data/T0015/315188/b2119g2/tr69hostif-315188/src/hostif/profiles/Device/x_rdk_profile.h
2026-02-04 20:37:19,578 - Knowledge - INFO - Processing batch of 6 files
2026-02-04 20:37:19,696 - Knowledge - INFO - Fast-tracked /app/data/T0015/315188/b2119g2/tr69hostif-315188/src/integrationtest/conf/rfcdefaults.ini (ext=.ini, size=68)
2026-02-04 20:37:19,926 - Knowledge - INFO - process ingested knowledge for /app/data/T0015/315188/b2119g2/tr69hostif-315188/src/unittest/stubs/rbus/src/rtmessage/rtRoutingTree.h
2026-02-04 20:37:19,958 - Knowledge - INFO - Fast-tracked /app/data/T0015/315188/b2119g2/tr69hostif-315188/src/unittest/stubs/ds/videoDevice.hpp (small file (2880 bytes))
2026-02-04 20:37:19,999 - Knowledge - INFO - Fast-tracked /app/data/T0015/315188/b2119g2/tr69hostif-315188/src/unittest/stubs/ds/illegalArgumentException.hpp (small file (2106 bytes))
2026-02-04 20:37:20,048 - Knowledge - INFO - Worker kw7 processing /app/data/T0015/315188/b2119g2/tr69hostif-315188/src/unittest/stubs/ds/audioStereoMode.hpp
2026-02-04 20:37:20,192 - Knowledge - INFO - Worker kw8 processing /app/data/T0015/315188/b2119g2/tr69hostif-315188/src/hostif/src/gtest/gtest_src.cpp
2026-02-04 20:37:20,237 - Knowledge - INFO - Worker kw4 processing /app/data/T0015/315188/b2119g2/tr69hostif-315188/src/hostif/profiles/Device/x_rdk_profile.cpp
2026-02-04 20:37:20,366 - Knowledge - INFO - process ingested knowledge for /app/data/T0015/315188/b2119g2/tr69hostif-315188/src/unittest/stubs/rbus/src/rbus/rbus_element.h
2026-02-04 20:37:20,448 - Knowledge - INFO - Worker kw2 processing /app/data/T0015/315188/b2119g2/tr69hostif-315188/src/integrationtest/conf/tr181store.ini
2026-02-04 20:37:20,613 - Knowledge - INFO - process ingested knowledge for /app/data/T0015/315188/b2119g2/tr69hostif-315188/src/unittest/stubs/rbus/src/rtmessage/rtEncoder.h
2026-02-04 20:37:20,695 - Knowledge - INFO - Fast-tracked /app/data/T0015/315188/b2119g2/tr69hostif-315188/src/unittest/stubs/ds/frameRate.hpp (small file (2293 bytes))
2026-02-04 20:37:20,878 - Knowledge - INFO - Worker kw7 processing /app/data/T0015/315188/b2119g2/tr69hostif-315188/src/unittest/stubs/ds/unsupportedOperationException.hpp
2026-02-04 20:37:21,002 - Knowledge - INFO - Worker kw8 processing /app/data/T0015/315188/b2119g2/tr69hostif-315188/src/hostif/include/IniFile.h
2026-02-04 20:37:21,097 - Knowledge - INFO - Worker kw4 processing /app/data/T0015/315188/b2119g2/tr69hostif-315188/src/hostif/profiles/Device/gtest/gtest_device.cpp
2026-02-04 20:37:21,187 - Knowledge - INFO - process ingested knowledge for /app/data/T0015/315188/b2119g2/tr69hostif-315188/src/unittest/stubs/rbus/src/rbus/rbus_config.h
2026-02-04 20:37:21,322 - Knowledge - INFO - Fast-tracked /app/data/T0015/315188/b2119g2/tr69hostif-315188/src/integrationtest/conf/tr181store.ini (ext=.ini, size=68)
2026-02-04 20:37:21,518 - Knowledge - INFO - process ingested knowledge for /app/data/T0015/315188/b2119g2/tr69hostif-315188/src/unittest/stubs/rbus/src/rtmessage/rtConnection.h
2026-02-04 20:37:21,831 - Knowledge - INFO - Worker kw7 processing /app/data/T0015/315188/b2119g2/tr69hostif-315188/src/unittest/stubs/dsError.h
2026-02-04 20:37:21,960 - Knowledge - INFO - Fast-tracked /app/data/T0015/315188/b2119g2/tr69hostif-315188/src/hostif/include/IniFile.h (ext=.h, size=1376)
2026-02-04 20:37:21,989 - Knowledge - INFO - Fast-tracked /app/data/T0015/315188/b2119g2/tr69hostif-315188/src/unittest/stubs/mfr_wifi_api.h (small file (3052 bytes))
2026-02-04 20:37:22,055 - Knowledge - INFO - Worker kw4 processing /app/data/T0015/315188/b2119g2/tr69hostif-315188/src/hostif/profiles/moca/Device_MoCA_Interface.cpp
2026-02-04 20:37:22,201 - Knowledge - INFO - process ingested knowledge for /app/data/T0015/315188/b2119g2/tr69hostif-315188/src/unittest/stubs/rbus/src/session_manager/rbus_session_mgr.h
2026-02-04 20:37:22,331 - Knowledge - INFO - Worker kw2 processing /app/data/T0015/315188/b2119g2/tr69hostif-315188/src/integrationtest/conf/rfcVariable.ini
2026-02-04 20:37:22,532 - Knowledge - INFO - Worker kw7 processing /app/data/T0015/315188/b2119g2/tr69hostif-315188/src/unittest/stubs/wrp-c.h
2026-02-04 20:37:22,662 - Knowledge - INFO - Worker kw8 processing /app/data/T0015/315188/b2119g2/tr69hostif-315188/src/hostif/include/hostIf_tr69ReqHandler.h
2026-02-04 20:37:22,953 - Knowledge - INFO - Worker kw4 processing /app/data/T0015/315188/b2119g2/tr69hostif-315188/src/hostif/profiles/moca/Device_MoCA_Interface_QoS_FlowStats.cpp
2026-02-04 20:37:23,245 - Knowledge - INFO - Fast-tracked /app/data/T0015/315188/b2119g2/tr69hostif-315188/src/integrationtest/conf/rfcVariable.ini (ext=.ini, size=168)
2026-02-04 20:37:23,267 - Knowledge - INFO - process ingested knowledge for /app/data/T0015/315188/b2119g2/tr69hostif-315188/src/unittest/stubs/rbus/src/core/rbuscore_logger.h
2026-02-04 20:37:23,460 - Knowledge - INFO - Fast-tracked /app/data/T0015/315188/b2119g2/tr69hostif-315188/src/unittest/stubs/ds/audioStereoMode.hpp (small file (2119 bytes))
2026-02-04 20:37:23,516 - Knowledge - INFO - Worker kw8 processing /app/data/T0015/315188/b2119g2/tr69hostif-315188/src/hostif/include/hostIf_utils.h
2026-02-04 20:37:23,788 - Knowledge - INFO - Worker kw2 processing /app/data/T0015/315188/b2119g2/tr69hostif-315188/src/backgroundrun.c
2026-02-04 20:37:23,884 - Knowledge - INFO - process ingested knowledge for /app/data/T0015/315188/b2119g2/tr69hostif-315188/src/unittest/stubs/rbus/src/core/rbuscore.h
2026-02-04 20:37:24,041 - Knowledge - INFO - Fast-tracked /app/data/T0015/315188/b2119g2/tr69hostif-315188/src/unittest/stubs/ds/unsupportedOperationException.hpp (small file (2109 bytes))
2026-02-04 20:37:24,181 - Knowledge - INFO - Fast-tracked /app/data/T0015/315188/b2119g2/tr69hostif-315188/src/backgroundrun.c (ext=.c, size=1180)
2026-02-04 20:37:24,847 - Knowledge - INFO - Worker kw2 processing /app/data/T0015/315188/b2119g2/tr69hostif-315188/src/hostif/src/hostIf_main.cpp
2026-02-04 20:37:24,965 - Knowledge - INFO - process ingested knowledge for /app/data/T0015/315188/b2119g2/tr69hostif-315188/src/unittest/stubs/rbus/src/core/rbuscore_message.h
2026-02-04 20:37:25,117 - Knowledge - INFO - [WEBSOCKET] Sent: Type=progress_update, Size: 289, Duration: 0ms
2026-02-04 20:37:25,291 - Knowledge - INFO - [WEBSOCKET] Sent: Type=unknown, Size: ?, Duration: 174ms
2026-02-04 20:37:25,532 - Knowledge - INFO - Progress: 16.4% | Files: 60/366 | Rate: 0.90 files/sec | Queue: 198
2026-02-04 20:37:25,949 - Knowledge - INFO - [kw6] Queue=198, InProgress=0, PendingWorkers=20/20, Completed=60/366 (16.4%)
2026-02-04 20:37:26,234 - Knowledge - INFO - Batch sizing: calculated=5, max_allowed=10, queue=198, active_workers=20/20
2026-02-04 20:37:26,510 - Knowledge - INFO - Async storing batch of 6 embeddings
2026-02-04 20:37:26,604 - Knowledge - INFO - [LLM_CALL] Completed: dmUtility.h:chunk1, Duration: 31055ms, PromptTokens: 2762, CompletionTokens: 476, Cost: $0.00047
2026-02-04 20:37:26,732 - Knowledge - INFO - Worker kw6 processing /app/data/T0015/315188/b2119g2/tr69hostif-315188/src/hostif/profiles/moca/Device_MoCA_Interface_AssociatedDevice.h
2026-02-04 20:37:26,826 - Knowledge - INFO - done ingest for /app/data/T0015/315188/b2119g2/tr69hostif-315188/src/unittest/stubs/rbus/utils/dataProvider/dmUtility.h
2026-02-04 20:37:27,010 - Knowledge - INFO - Worker kw6 processing /app/data/T0015/315188/b2119g2/tr69hostif-315188/src/hostif/profiles/moca/Device_MoCA_Interface_QoS.cpp
2026-02-04 20:37:27,308 - Knowledge - INFO - Worker kw6 processing /app/data/T0015/315188/b2119g2/tr69hostif-315188/src/hostif/profiles/moca/Device_MoCA_Interface_X_RDKCENTRAL_COM_MeshTable.cpp
2026-02-04 20:37:27,599 - Knowledge - INFO - [LLM_CALL] Completed: dsFPDTypes.h:chunk1, Duration: 19583ms, PromptTokens: 5936, CompletionTokens: 641, Cost: $0.00085
2026-02-04 20:37:27,655 - Knowledge - INFO - Worker kw6 processing /app/data/T0015/315188/b2119g2/tr69hostif-315188/src/hostif/profiles/moca/Device_MoCA_Interface_Stats.cpp
2026-02-04 20:37:27,670 - Knowledge - INFO - Fast-tracked /app/data/T0015/315188/b2119g2/tr69hostif-315188/src/unittest/stubs/ds/videoResolution.hpp (small file (2735 bytes))
2026-02-04 20:37:27,856 - Knowledge - INFO - done ingest for /app/data/T0015/315188/b2119g2/tr69hostif-315188/src/unittest/stubs/dsFPDTypes.h
2026-02-04 20:37:27,973 - Knowledge - INFO - Worker kw6 processing /app/data/T0015/315188/b2119g2/tr69hostif-315188/src/hostif/profiles/moca/Device_MoCA_Interface.h
2026-02-04 20:37:28,252 - Knowledge - INFO - [kw5] Queue=193, InProgress=0, PendingWorkers=20/20, Completed=60/366 (16.4%)
2026-02-04 20:37:28,563 - Knowledge - INFO - Batch sizing: calculated=5, max_allowed=10, queue=193, active_workers=20/20
2026-02-04 20:37:28,854 - Knowledge - INFO - Async storing batch of 6 embeddings
2026-02-04 20:37:29,060 - Knowledge - INFO - Processing batch of 6 files
2026-02-04 20:37:29,091 - Knowledge - INFO - Worker kw5 processing /app/data/T0015/315188/b2119g2/tr69hostif-315188/src/hostif/profiles/moca/Device_MoCA_Interface_QoS_FlowStats.h
2026-02-04 20:37:29,141 - Knowledge - INFO - Fast-tracked /app/data/T0015/315188/b2119g2/tr69hostif-315188/src/unittest/stubs/ds/audioOutputPortType.hpp (small file (2639 bytes))
2026-02-04 20:37:29,322 - Knowledge - INFO - process ingested knowledge for /app/data/T0015/315188/b2119g2/tr69hostif-315188/src/unittest/stubs/rbus/utils/dataProvider/dmQuery.h
2026-02-04 20:37:29,514 - Knowledge - INFO - Worker kw5 processing /app/data/T0015/315188/b2119g2/tr69hostif-315188/src/hostif/profiles/moca/Device_MoCA_Interface_Stats.h
2026-02-04 20:37:29,622 - Knowledge - INFO - Fast-tracked /app/data/T0015/315188/b2119g2/tr69hostif-315188/src/unittest/stubs/ds/compositeIn.hpp (small file (2549 bytes))
2026-02-04 20:37:29,711 - Knowledge - INFO - process ingested knowledge for /app/data/T0015/315188/b2119g2/tr69hostif-315188/src/unittest/stubs/rbus/utils/dataProvider/dmProviderOperation.h
2026-02-04 20:37:29,885 - Knowledge - INFO - Worker kw5 processing /app/data/T0015/315188/b2119g2/tr69hostif-315188/src/hostif/profiles/moca/Device_MoCA_Interface_QoS.h
2026-02-04 20:37:30,056 - Knowledge - INFO - process ingested knowledge for /app/data/T0015/315188/b2119g2/tr69hostif-315188/src/unittest/stubs/rbus/utils/dataProvider/dmUtility.h
2026-02-04 20:37:30,208 - Knowledge - INFO - Worker kw5 processing /app/data/T0015/315188/b2119g2/tr69hostif-315188/src/hostif/profiles/moca/Device_MoCA_Interface_X_RDKCENTRAL_COM_MeshTable.h
2026-02-04 20:37:30,287 - Knowledge - INFO - process ingested knowledge for /app/data/T0015/315188/b2119g2/tr69hostif-315188/src/unittest/stubs/rbus/utils/dataProvider/dmProviderDatabase.h
2026-02-04 20:37:30,470 - Knowledge - INFO - Worker kw5 processing /app/data/T0015/315188/b2119g2/tr69hostif-315188/src/hostif/profiles/moca/Device_MoCA_Interface_AssociatedDevice.cpp
2026-02-04 20:37:30,598 - Knowledge - INFO - process ingested knowledge for /app/data/T0015/315188/b2119g2/tr69hostif-315188/src/unittest/stubs/libparodus_log.h
2026-02-04 20:37:30,898 - Knowledge - INFO - process ingested knowledge for /app/data/T0015/315188/b2119g2/tr69hostif-315188/src/unittest/stubs/dsFPDTypes.h
2026-02-04 20:37:31,441 - Knowledge - INFO - [LLM_CALL] Completed: rbus_filter.h:chunk1, Duration: 27501ms, PromptTokens: 4688, CompletionTokens: 746, Cost: $0.00077
2026-02-04 20:37:31,712 - Knowledge - INFO - done ingest for /app/data/T0015/315188/b2119g2/tr69hostif-315188/src/unittest/stubs/rbus/include/rbus_filter.h
2026-02-04 20:37:31,743 - Knowledge - INFO - [LLM_CALL] Completed: secure_wrapper.h:chunk1, Duration: 19344ms, PromptTokens: 2528, CompletionTokens: 447, Cost: $0.00043
2026-02-04 20:37:32,071 - Knowledge - INFO - done ingest for /app/data/T0015/315188/b2119g2/tr69hostif-315188/src/unittest/stubs/secure_wrapper.h
2026-02-04 20:37:33,571 - Knowledge - INFO - [LLM_CALL] Completed: rbus_value.h:chunk1, Duration: 39359ms, PromptTokens: 9648, CompletionTokens: 1062, Cost: $0.00139
2026-02-04 20:37:33,813 - Knowledge - INFO - done ingest for /app/data/T0015/315188/b2119g2/tr69hostif-315188/src/unittest/stubs/rbus/include/rbus_value.h
2026-02-04 20:37:33,840 - Knowledge - INFO - [LLM_CALL] Completed: dsAVDTypes.h:chunk1, Duration: 34616ms, PromptTokens: 17596, CompletionTokens: 551, Cost: $0.00198
2026-02-04 20:37:34,296 - Knowledge - INFO - done ingest for /app/data/T0015/315188/b2119g2/tr69hostif-315188/src/unittest/stubs/dsAVDTypes.h
2026-02-04 20:37:34,302 - Knowledge - INFO - [kw13] Queue=188, InProgress=0, PendingWorkers=20/20, Completed=66/366 (18.0%)
2026-02-04 20:37:34,733 - Knowledge - INFO - Batch sizing: calculated=5, max_allowed=10, queue=188, active_workers=20/20
2026-02-04 20:37:34,832 - Knowledge - INFO - [LLM_CALL] Completed: libparodus.h:chunk1, Duration: 20191ms, PromptTokens: 3948, CompletionTokens: 458, Cost: $0.00058
2026-02-04 20:37:35,152 - Knowledge - INFO - done ingest for /app/data/T0015/315188/b2119g2/tr69hostif-315188/src/unittest/stubs/libparodus.h
2026-02-04 20:37:35,175 - Knowledge - INFO - Async storing batch of 6 embeddings
2026-02-04 20:37:35,652 - Knowledge - INFO - [LLM_CALL] Completed: host.hpp:chunk1, Duration: 32096ms, PromptTokens: 2780, CompletionTokens: 1223, Cost: $0.00077
2026-02-04 20:37:35,798 - Knowledge - INFO - Worker kw13 processing /app/data/T0015/315188/b2119g2/tr69hostif-315188/src/hostif/profiles/DeviceInfo/XrdkBlueTooth.cpp
2026-02-04 20:37:35,943 - Knowledge - INFO - done ingest for /app/data/T0015/315188/b2119g2/tr69hostif-315188/src/unittest/stubs/ds/host.hpp
2026-02-04 20:37:36,097 - Knowledge - INFO - Processing batch of 6 files
2026-02-04 20:37:36,110 - Knowledge - INFO - Worker kw13 processing /app/data/T0015/315188/b2119g2/tr69hostif-315188/src/hostif/profiles/DeviceInfo/Device_DeviceInfo_Processor.h
2026-02-04 20:37:36,139 - Knowledge - INFO - Fast-tracked /app/data/T0015/315188/b2119g2/tr69hostif-315188/src/hostif/profiles/Device/x_rdk_profile.h (small file (2929 bytes))
2026-02-04 20:37:36,147 - Knowledge - INFO - [LLM_CALL] Completed: sysMgr.h:chunk1, Duration: 35585ms, PromptTokens: 6802, CompletionTokens: 397, Cost: $0.00084
2026-02-04 20:37:36,388 - Knowledge - INFO - process ingested knowledge for /app/data/T0015/315188/b2119g2/tr69hostif-315188/src/unittest/stubs/partners_defaults_device.json
2026-02-04 20:37:36,531 - Knowledge - INFO - Worker kw13 processing /app/data/T0015/315188/b2119g2/tr69hostif-315188/src/hostif/profiles/DeviceInfo/XrdkCentralComBSStoreJournal.h
2026-02-04 20:37:36,899 - Knowledge - INFO - done ingest for /app/data/T0015/315188/b2119g2/tr69hostif-315188/src/unittest/stubs/sysMgr.h
2026-02-04 20:37:36,900 - Knowledge - INFO - [LLM_CALL] Completed: frontPanelSettings.hpp:chunk1, Duration: 22235ms, PromptTokens: 3006, CompletionTokens: 179, Cost: $0.00037
2026-02-04 20:37:37,009 - Knowledge - INFO - process ingested knowledge for /app/data/T0015/315188/b2119g2/tr69hostif-315188/src/unittest/stubs/rdk_debug.h
2026-02-04 20:37:37,114 - Knowledge - INFO - Worker kw13 processing /app/data/T0015/315188/b2119g2/tr69hostif-315188/src/hostif/profiles/DeviceInfo/XrdkCentralComBSStore.cpp
2026-02-04 20:37:37,272 - Knowledge - INFO - done ingest for /app/data/T0015/315188/b2119g2/tr69hostif-315188/src/unittest/stubs/ds/frontPanelSettings.hpp
2026-02-04 20:37:37,274 - Knowledge - INFO - [LLM_CALL] Completed: rbus_property.h:chunk1, Duration: 49761ms, PromptTokens: 9500, CompletionTokens: 1145, Cost: $0.00141
2026-02-04 20:37:37,293 - Knowledge - INFO - Fast-tracked /app/data/T0015/315188/b2119g2/tr69hostif-315188/src/unittest/stubs/ds/videoDFC.hpp (small file (2656 bytes))
2026-02-04 20:37:37,384 - Knowledge - INFO - process ingested knowledge for /app/data/T0015/315188/b2119g2/tr69hostif-315188/src/unittest/stubs/paramMgr.h
2026-02-04 20:37:37,467 - Knowledge - INFO - Worker kw13 processing /app/data/T0015/315188/b2119g2/tr69hostif-315188/src/hostif/profiles/DeviceInfo/Device_DeviceInfo.cpp
2026-02-04 20:37:37,624 - Knowledge - INFO - done ingest for /app/data/T0015/315188/b2119g2/tr69hostif-315188/src/unittest/stubs/rbus/include/rbus_property.h
2026-02-04 20:37:37,672 - Knowledge - INFO - Processing batch of 6 files
2026-02-04 20:37:37,674 - Knowledge - INFO - Processing batch of 6 files
2026-02-04 20:37:37,819 - Knowledge - INFO - process ingested knowledge for /app/data/T0015/315188/b2119g2/tr69hostif-315188/src/unittest/stubs/dsAVDTypes.h
2026-02-04 20:37:37,909 - Knowledge - INFO - Fast-tracked /app/data/T0015/315188/b2119g2/tr69hostif-315188/src/hostif/profiles/DeviceInfo/Device_DeviceInfo.cpp (ext=.cpp, size=215567)
2026-02-04 20:37:38,069 - Knowledge - INFO - Processing batch of 6 files
2026-02-04 20:37:38,109 - Knowledge - INFO - process ingested knowledge for /app/data/T0015/315188/b2119g2/tr69hostif-315188/src/unittest/stubs/ds/displayConnectionChangeListener.hpp
2026-02-04 20:37:38,198 - Knowledge - INFO - process ingested knowledge for /app/data/T0015/315188/b2119g2/tr69hostif-315188/src/unittest/stubs/file_writer.cpp
2026-02-04 20:37:38,392 - Knowledge - INFO - process ingested knowledge for /app/data/T0015/315188/b2119g2/tr69hostif-315188/src/unittest/stubs/mfr_wifi_types.h
2026-02-04 20:37:38,540 - Knowledge - INFO - Split /app/data/T0015/315188/b2119g2/tr69hostif-315188/src/hostif/profiles/DeviceInfo/XrdkBlueTooth.cpp (89617 bytes) into 3 chunks of ~32KB
2026-02-04 20:37:38,683 - Knowledge - INFO - process ingested knowledge for /app/data/T0015/315188/b2119g2/tr69hostif-315188/src/unittest/stubs/rbus/include/rbus_property.h
2026-02-04 20:37:38,950 - Knowledge - INFO - process ingested knowledge for /app/data/T0015/315188/b2119g2/tr69hostif-315188/src/unittest/stubs/ds/dsHALConfig.h
2026-02-04 20:37:39,151 - Knowledge - INFO - process ingested knowledge for /app/data/T0015/315188/b2119g2/tr69hostif-315188/src/unittest/stubs/powerctrl_stubs.cpp
2026-02-04 20:37:39,329 - Knowledge - INFO - process ingested knowledge for /app/data/T0015/315188/b2119g2/tr69hostif-315188/src/unittest/stubs/secure_wrapper.h
2026-02-04 20:37:39,730 - Knowledge - INFO - process ingested knowledge for /app/data/T0015/315188/b2119g2/tr69hostif-315188/src/unittest/stubs/rbus/include/rbus_value.h
2026-02-04 20:37:39,842 - Knowledge - INFO - [LLM_CALL] Completed: rtTime.h:chunk1, Duration: 54257ms, PromptTokens: 2458, CompletionTokens: 348, Cost: $0.00039
2026-02-04 20:37:39,907 - Knowledge - INFO - process ingested knowledge for /app/data/T0015/315188/b2119g2/tr69hostif-315188/src/unittest/stubs/ds/powerModeChangeListener.hpp
2026-02-04 20:37:39,926 - Knowledge - INFO - Fast-tracked /app/data/T0015/315188/b2119g2/tr69hostif-315188/src/hostif/src/IniFile.cpp (small file (2872 bytes))
2026-02-04 20:37:40,022 - Knowledge - INFO - process ingested knowledge for /app/data/T0015/315188/b2119g2/tr69hostif-315188/src/unittest/stubs/cimplog/cimplog.h
2026-02-04 20:37:40,218 - Knowledge - INFO - process ingested knowledge for /app/data/T0015/315188/b2119g2/tr69hostif-315188/src/unittest/stubs/rbus/include/rbus_filter.h
2026-02-04 20:37:40,334 - Knowledge - INFO - done ingest for /app/data/T0015/315188/b2119g2/tr69hostif-315188/src/unittest/stubs/rbus/src/rtmessage/rtTime.h
2026-02-04 20:37:40,350 - Knowledge - INFO - [LLM_CALL] Completed: dsHdmiInTypes.h:chunk1, Duration: 39787ms, PromptTokens: 4300, CompletionTokens: 310, Cost: $0.00055
2026-02-04 20:37:40,692 - Knowledge - INFO - process ingested knowledge for /app/data/T0015/315188/b2119g2/tr69hostif-315188/src/unittest/stubs/ds/host.hpp
2026-02-04 20:37:40,729 - Knowledge - INFO - process ingested knowledge for /app/data/T0015/315188/b2119g2/tr69hostif-315188/src/unittest/stubs/sysMgr.h
2026-02-04 20:37:40,956 - Knowledge - INFO - process ingested knowledge for /app/data/T0015/315188/b2119g2/tr69hostif-315188/src/unittest/stubs/rbus/utils/dataProvider/dmProviderHost.h
2026-02-04 20:37:41,116 - Knowledge - INFO - done ingest for /app/data/T0015/315188/b2119g2/tr69hostif-315188/src/unittest/stubs/dsHdmiInTypes.h
2026-02-04 20:37:41,118 - Knowledge - INFO - [LLM_CALL] Completed: dsCompositeInTypes.h:chunk1, Duration: 48836ms, PromptTokens: 2782, CompletionTokens: 173, Cost: $0.00035
2026-02-04 20:37:41,290 - Knowledge - INFO - process ingested knowledge for /app/data/T0015/315188/b2119g2/tr69hostif-315188/src/unittest/stubs/ds/dsregisterlog.h
2026-02-04 20:37:41,324 - Knowledge - INFO - process ingested knowledge for /app/data/T0015/315188/b2119g2/tr69hostif-315188/src/unittest/stubs/rfcapi.h
2026-02-04 20:37:41,424 - Knowledge - INFO - process ingested knowledge for /app/data/T0015/315188/b2119g2/tr69hostif-315188/src/unittest/stubs/rbus/utils/dataProvider/dmPropertyInfo.h
2026-02-04 20:37:41,617 - Knowledge - INFO - done ingest for /app/data/T0015/315188/b2119g2/tr69hostif-315188/src/unittest/stubs/dsCompositeInTypes.h
2026-02-04 20:37:41,619 - Knowledge - INFO - [WEBSOCKET] Sent: Type=progress_update, Size: 290, Duration: 0ms
2026-02-04 20:37:41,697 - Knowledge - INFO - process ingested knowledge for /app/data/T0015/315188/b2119g2/tr69hostif-315188/src/unittest/stubs/ds/sleepMode.hpp
2026-02-04 20:37:41,777 - Knowledge - INFO - process ingested knowledge for /app/data/T0015/315188/b2119g2/tr69hostif-315188/src/unittest/stubs/libparodus.h
2026-02-04 20:37:41,988 - Knowledge - INFO - process ingested knowledge for /app/data/T0015/315188/b2119g2/tr69hostif-315188/src/unittest/stubs/rbus/utils/dataProvider/dmValue.h
2026-02-04 20:37:42,361 - Knowledge - INFO - Async storage completed for 6 embeddings
2026-02-04 20:37:42,516 - Knowledge - INFO - [WEBSOCKET] Sent: Type=unknown, Size: ?, Duration: 897ms
2026-02-04 20:37:43,038 - Knowledge - INFO - Progress: 24.9% | Files: 91/366 | Rate: 1.09 files/sec | Queue: 183
2026-02-04 20:37:43,470 - Knowledge - INFO - [LLM_CALL] Completed: list.hpp:chunk1, Duration: 22683ms, PromptTokens: 2286, CompletionTokens: 418, Cost: $0.00040
2026-02-04 20:37:43,614 - Knowledge - INFO - [kw17] Queue=183, InProgress=0, PendingWorkers=20/20, Completed=93/366 (25.4%)
2026-02-04 20:37:43,651 - Knowledge - INFO - done ingest for /app/data/T0015/315188/b2119g2/tr69hostif-315188/src/unittest/stubs/ds/list.hpp
2026-02-04 20:37:43,653 - Knowledge - INFO - [LLM_CALL] Completed: rbus_message.h:chunk1, Duration: 28403ms, PromptTokens: 3038, CompletionTokens: 417, Cost: $0.00047
2026-02-04 20:37:43,827 - Knowledge - INFO - Batch sizing: calculated=5, max_allowed=10, queue=183, active_workers=20/20
2026-02-04 20:37:44,129 - Knowledge - INFO - done ingest for /app/data/T0015/315188/b2119g2/tr69hostif-315188/src/unittest/stubs/rbus/include/rbus_message.h
2026-02-04 20:37:45,008 - Knowledge - INFO - Async storing batch of 6 embeddings
2026-02-04 20:37:45,268 - Knowledge - INFO - Worker kw17 processing /app/data/T0015/315188/b2119g2/tr69hostif-315188/src/hostif/profiles/DeviceInfo/Device_DeviceInfo_ProcessStatus_Process.cpp
2026-02-04 20:37:45,345 - Knowledge - INFO - Fast-tracked /app/data/T0015/315188/b2119g2/tr69hostif-315188/src/hostif/profiles/moca/Device_MoCA_Interface_QoS.cpp (small file (2300 bytes))
2026-02-04 20:37:45,590 - Knowledge - INFO - Worker kw17 processing /app/data/T0015/315188/b2119g2/tr69hostif-315188/src/hostif/profiles/DeviceInfo/XrdkCentralComRFC.h
2026-02-04 20:37:45,907 - Knowledge - INFO - Fast-tracked /app/data/T0015/315188/b2119g2/tr69hostif-315188/src/hostif/profiles/DeviceInfo/XrdkCentralComRFC.h (ext=.h, size=1502)
2026-02-04 20:37:45,976 - Knowledge - INFO - Processing batch of 6 files
2026-02-04 20:37:46,143 - Knowledge - INFO - Worker kw17 processing /app/data/T0015/315188/b2119g2/tr69hostif-315188/src/hostif/profiles/DeviceInfo/XrdkCentralComRFCStore.cpp
2026-02-04 20:37:46,315 - Knowledge - INFO - process ingested knowledge for /app/data/T0015/315188/b2119g2/tr69hostif-315188/src/unittest/stubs/dsHdmiInTypes.h
2026-02-04 20:37:46,498 - Knowledge - INFO - Worker kw17 processing /app/data/T0015/315188/b2119g2/tr69hostif-315188/src/hostif/profiles/DeviceInfo/Device_DeviceInfo_ProcessStatus.cpp
2026-02-04 20:37:46,900 - Knowledge - INFO - Worker kw17 processing /app/data/T0015/315188/b2119g2/tr69hostif-315188/src/hostif/profiles/DeviceInfo/Device_DeviceInfo_ProcessStatus_Process.h
2026-02-04 20:37:47,544 - Knowledge - INFO - process ingested knowledge for /app/data/T0015/315188/b2119g2/tr69hostif-315188/src/unittest/stubs/tr181store.ini
2026-02-04 20:37:47,855 - Knowledge - INFO - [kw20] Queue=178, InProgress=0, PendingWorkers=20/20, Completed=96/366 (26.2%)
2026-02-04 20:37:47,856 - Knowledge - INFO - [kw11] Queue=178, InProgress=0, PendingWorkers=20/20, Completed=96/366 (26.2%)
2026-02-04 20:37:47,857 - Knowledge - INFO - process ingested knowledge for /app/data/T0015/315188/b2119g2/tr69hostif-315188/src/unittest/stubs/dm_stubs.h
2026-02-04 20:37:48,014 - Knowledge - INFO - [kw18] Queue=178, InProgress=0, PendingWorkers=20/20, Completed=96/366 (26.2%)
2026-02-04 20:37:48,056 - Knowledge - INFO - Batch sizing: calculated=5, max_allowed=10, queue=178, active_workers=20/20
2026-02-04 20:37:48,540 - Knowledge - INFO - Batch sizing: calculated=5, max_allowed=10, queue=178, active_workers=20/20
2026-02-04 20:37:48,630 - Knowledge - INFO - process ingested knowledge for /app/data/T0015/315188/b2119g2/tr69hostif-315188/src/unittest/stubs/ds/frontPanelSettings.hpp
2026-02-04 20:37:48,765 - Knowledge - INFO - Batch sizing: calculated=5, max_allowed=10, queue=178, active_workers=20/20
2026-02-04 20:37:48,887 - Knowledge - INFO - Async storing batch of 6 embeddings
2026-02-04 20:37:49,022 - Knowledge - INFO - Async storing batch of 6 embeddings
2026-02-04 20:37:49,125 - Knowledge - INFO - process ingested knowledge for /app/data/T0015/315188/b2119g2/tr69hostif-315188/src/unittest/stubs/ds/audioOutputPortType.hpp
2026-02-04 20:37:49,251 - Knowledge - INFO - Async storing batch of 6 embeddings
2026-02-04 20:37:49,402 - Knowledge - INFO - Worker kw20 processing /app/data/T0015/315188/b2119g2/tr69hostif-315188/src/hostif/profiles/DeviceInfo/Device_DeviceInfo.h
2026-02-04 20:37:49,559 - Knowledge - INFO - Worker kw11 processing /app/data/T0015/315188/b2119g2/tr69hostif-315188/src/hostif/profiles/DeviceInfo/Device_DeviceInfo_Processor.cpp
2026-02-04 20:37:49,685 - Knowledge - INFO - process ingested knowledge for /app/data/T0015/315188/b2119g2/tr69hostif-315188/src/unittest/stubs/ds/compositeIn.hpp
2026-02-04 20:37:49,870 - Knowledge - INFO - Worker kw18 processing /app/data/T0015/315188/b2119g2/tr69hostif-315188/src/hostif/profiles/STBService/Capabilities.h
2026-02-04 20:37:50,042 - Knowledge - INFO - Worker kw20 processing /app/data/T0015/315188/b2119g2/tr69hostif-315188/src/hostif/profiles/DeviceInfo/XrdkCentralComBSStore.h
2026-02-04 20:37:50,136 - Knowledge - INFO - Worker kw11 processing /app/data/T0015/315188/b2119g2/tr69hostif-315188/src/hostif/profiles/DeviceInfo/gtest/gtest_main.cpp
2026-02-04 20:37:50,531 - Knowledge - INFO - Worker kw18 processing /app/data/T0015/315188/b2119g2/tr69hostif-315188/src/hostif/profiles/STBService/Components_VideoDecoder.h
2026-02-04 20:37:50,593 - Knowledge - INFO - [LLM_CALL] Completed: frontPanelIndicator.hpp:chunk1, Duration: 43200ms, PromptTokens: 3692, CompletionTokens: 1034, Cost: $0.00078
2026-02-04 20:37:50,712 - Knowledge - INFO - Worker kw20 processing /app/data/T0015/315188/b2119g2/tr69hostif-315188/src/hostif/profiles/DeviceInfo/XrdkBlueTooth.h
2026-02-04 20:37:50,847 - Knowledge - INFO - Fast-tracked /app/data/T0015/315188/b2119g2/tr69hostif-315188/src/hostif/profiles/DeviceInfo/gtest/gtest_main.cpp (ext=.cpp, size=175795)
2026-02-04 20:37:51,057 - Knowledge - INFO - Worker kw18 processing /app/data/T0015/315188/b2119g2/tr69hostif-315188/src/hostif/profiles/STBService/Components_HDMI.cpp
2026-02-04 20:37:51,183 - Knowledge - INFO - done ingest for /app/data/T0015/315188/b2119g2/tr69hostif-315188/src/unittest/stubs/ds/frontPanelIndicator.hpp
2026-02-04 20:37:51,297 - Knowledge - INFO - [LLM_CALL] Completed: dsTypes.h:chunk1, Duration: 38897ms, PromptTokens: 2660, CompletionTokens: 250, Cost: $0.00037
2026-02-04 20:37:51,340 - Knowledge - INFO - Worker kw20 processing /app/data/T0015/315188/b2119g2/tr69hostif-315188/src/hostif/profiles/DeviceInfo/XrdkCentralComRFC.cpp
2026-02-04 20:37:51,448 - Knowledge - INFO - Worker kw11 processing /app/data/T0015/315188/b2119g2/tr69hostif-315188/src/hostif/profiles/DeviceInfo/XrdkCentralComRFCStore.h
2026-02-04 20:37:51,572 - Knowledge - INFO - Worker kw18 processing /app/data/T0015/315188/b2119g2/tr69hostif-315188/src/hostif/profiles/STBService/Components_SPDIF.cpp
2026-02-04 20:37:51,855 - Knowledge - INFO - done ingest for /app/data/T0015/315188/b2119g2/tr69hostif-315188/src/unittest/stubs/dsTypes.h
2026-02-04 20:37:52,035 - Knowledge - INFO - [LLM_CALL] Completed: rbus.h:chunk1, Duration: 50291ms, PromptTokens: 14710, CompletionTokens: 544, Cost: $0.00169
2026-02-04 20:37:52,046 - Knowledge - INFO - Worker kw20 processing /app/data/T0015/315188/b2119g2/tr69hostif-315188/src/hostif/profiles/DeviceInfo/Device_DeviceInfo_ProcessStatus.h
2026-02-04 20:37:52,127 - Knowledge - INFO - Worker kw11 processing /app/data/T0015/315188/b2119g2/tr69hostif-315188/src/hostif/profiles/DeviceInfo/XrdkCentralComBSStoreJournal.cpp
2026-02-04 20:37:52,219 - Knowledge - INFO - Worker kw18 processing /app/data/T0015/315188/b2119g2/tr69hostif-315188/src/hostif/profiles/STBService/Components_DisplayDevice.cpp
2026-02-04 20:37:52,505 - Knowledge - INFO - [kw19] Queue=163, InProgress=0, PendingWorkers=20/20, Completed=98/366 (26.8%)
2026-02-04 20:37:52,646 - Knowledge - INFO - Split /app/data/T0015/315188/b2119g2/tr69hostif-315188/src/hostif/profiles/DeviceInfo/Device_DeviceInfo.h (66144 bytes) into 3 chunks of ~32KB
2026-02-04 20:37:52,700 - Knowledge - INFO - Worker kw11 processing /app/data/T0015/315188/b2119g2/tr69hostif-315188/src/hostif/profiles/STBService/Components_XrdkSDCard.cpp
2026-02-04 20:37:52,906 - Knowledge - INFO - Batch sizing: calculated=5, max_allowed=10, queue=163, active_workers=20/20
2026-02-04 20:37:52,950 - Knowledge - INFO - Fast-tracked /app/data/T0015/315188/b2119g2/tr69hostif-315188/src/hostif/profiles/STBService/Capabilities.h (small file (2471 bytes))
2026-02-04 20:37:53,127 - Knowledge - INFO - Processing batch of 6 files
2026-02-04 20:37:53,384 - Knowledge - INFO - Async storing batch of 6 embeddings
2026-02-04 20:37:53,688 - Knowledge - INFO - process ingested knowledge for /app/data/T0015/315188/b2119g2/tr69hostif-315188/src/unittest/stubs/ds/pixelResolution.hpp
2026-02-04 20:37:53,883 - Knowledge - INFO - Worker kw19 processing /app/data/T0015/315188/b2119g2/tr69hostif-315188/src/hostif/profiles/STBService/Components_XrdkEMMC.h
2026-02-04 20:37:53,978 - Knowledge - INFO - [LLM_CALL] Completed: iarm_stubs.cpp:chunk1, Duration: 31131ms, PromptTokens: 2534, CompletionTokens: 632, Cost: $0.00051
2026-02-04 20:37:53,990 - Knowledge - INFO - process ingested knowledge for /app/data/T0015/315188/b2119g2/tr69hostif-315188/src/unittest/stubs/ds/frontPanelIndicator.hpp
2026-02-04 20:37:54,085 - Knowledge - INFO - Worker kw19 processing /app/data/T0015/315188/b2119g2/tr69hostif-315188/src/hostif/profiles/STBService/Components_AudioOutput.h
2026-02-04 20:37:54,220 - Knowledge - INFO - done ingest for /app/data/T0015/315188/b2119g2/tr69hostif-315188/src/unittest/stubs/iarm_stubs.cpp
2026-02-04 20:37:54,318 - Knowledge - INFO - process ingested knowledge for /app/data/T0015/315188/b2119g2/tr69hostif-315188/src/unittest/stubs/ds/illegalArgumentException.hpp
2026-02-04 20:37:54,438 - Knowledge - INFO - [LLM_CALL] Completed: hostIf_main.cpp:chunk1, Duration: 29154ms, PromptTokens: 14976, CompletionTokens: 995, Cost: $0.00190
2026-02-04 20:37:54,454 - Knowledge - INFO - Worker kw19 processing /app/data/T0015/315188/b2119g2/tr69hostif-315188/src/hostif/profiles/STBService/Components_VideoOutput.cpp
2026-02-04 20:37:54,763 - Knowledge - INFO - process ingested knowledge for /app/data/T0015/315188/b2119g2/tr69hostif-315188/src/unittest/stubs/ds/list.hpp
2026-02-04 20:37:54,858 - Knowledge - INFO - done ingest for /app/data/T0015/315188/b2119g2/tr69hostif-315188/src/hostif/src/hostIf_main.cpp
2026-02-04 20:37:55,077 - Knowledge - INFO - Worker kw19 processing /app/data/T0015/315188/b2119g2/tr69hostif-315188/src/hostif/profiles/STBService/Components_DisplayDevice.h
2026-02-04 20:37:55,303 - Knowledge - INFO - process ingested knowledge for /app/data/T0015/315188/b2119g2/tr69hostif-315188/src/unittest/stubs/ds/videoDFC.hpp
2026-02-04 20:37:55,563 - Knowledge - INFO - Worker kw19 processing /app/data/T0015/315188/b2119g2/tr69hostif-315188/src/hostif/profiles/STBService/Components_SPDIF.h
2026-02-04 20:37:55,657 - Knowledge - INFO - process ingested knowledge for /app/data/T0015/315188/b2119g2/tr69hostif-315188/src/unittest/stubs/ds/audioCompression.hpp
2026-02-04 20:37:55,690 - Knowledge - INFO - [LLM_CALL] Completed: dm_stubs.cpp:chunk1, Duration: 55122ms, PromptTokens: 4920, CompletionTokens: 964, Cost: $0.00088
2026-02-04 20:37:55,739 - Knowledge - INFO - Fast-tracked /app/data/T0015/315188/b2119g2/tr69hostif-315188/src/hostif/profiles/STBService/Components_XrdkEMMC.h (small file (2590 bytes))
2026-02-04 20:37:55,989 - Knowledge - INFO - done ingest for /app/data/T0015/315188/b2119g2/tr69hostif-315188/src/unittest/stubs/dm_stubs.cpp
2026-02-04 20:37:55,991 - Knowledge - INFO - Processing batch of 6 files
2026-02-04 20:37:56,302 - Knowledge - INFO - process ingested knowledge for /app/data/T0015/315188/b2119g2/tr69hostif-315188/src/integrationtest/conf/bootstrap.ini
2026-02-04 20:37:56,370 - Knowledge - INFO - Processing batch of 6 files
2026-02-04 20:37:56,388 - Knowledge - INFO - [WEBSOCKET] Sent: Type=progress_update, Size: 292, Duration: 0ms
2026-02-04 20:37:56,499 - Knowledge - INFO - process ingested knowledge for /app/data/T0015/315188/b2119g2/tr69hostif-315188/src/integrationtest/conf/rfcdefaults.ini
2026-02-04 20:37:56,622 - Knowledge - INFO - process ingested knowledge for /app/data/T0015/315188/b2119g2/tr69hostif-315188/src/unittest/stubs/dsCompositeInTypes.h
2026-02-04 20:37:56,703 - Knowledge - INFO - [WEBSOCKET] Sent: Type=unknown, Size: ?, Duration: 315ms
2026-02-04 20:37:56,830 - Knowledge - INFO - process ingested knowledge for /app/data/T0015/315188/b2119g2/tr69hostif-315188/src/integrationtest/conf/tr181store.ini
2026-02-04 20:37:56,953 - Knowledge - INFO - process ingested knowledge for /app/data/T0015/315188/b2119g2/tr69hostif-315188/src/unittest/stubs/dm_stubs.cpp
2026-02-04 20:37:57,063 - Knowledge - INFO - Progress: 31.1% | Files: 114/366 | Rate: 1.16 files/sec | Queue: 158
2026-02-04 20:37:57,155 - Knowledge - INFO - process ingested knowledge for /app/data/T0015/315188/b2119g2/tr69hostif-315188/src/integrationtest/conf/rfcVariable.ini
2026-02-04 20:37:57,265 - Knowledge - INFO - process ingested knowledge for /app/data/T0015/315188/b2119g2/tr69hostif-315188/src/unittest/stubs/file_writer.h
2026-02-04 20:37:57,385 - Knowledge - INFO - [kw1] Queue=158, InProgress=0, PendingWorkers=20/20, Completed=114/366 (31.1%)
2026-02-04 20:37:57,487 - Knowledge - INFO - process ingested knowledge for /app/data/T0015/315188/b2119g2/tr69hostif-315188/src/backgroundrun.c
2026-02-04 20:37:57,580 - Knowledge - INFO - process ingested knowledge for /app/data/T0015/315188/b2119g2/tr69hostif-315188/src/unittest/stubs/dsTypes.h
2026-02-04 20:37:57,658 - Knowledge - INFO - Batch sizing: calculated=5, max_allowed=10, queue=158, active_workers=20/20
2026-02-04 20:37:57,750 - Knowledge - INFO - process ingested knowledge for /app/data/T0015/315188/b2119g2/tr69hostif-315188/src/hostif/src/hostIf_main.cpp
2026-02-04 20:37:57,833 - Knowledge - INFO - process ingested knowledge for /app/data/T0015/315188/b2119g2/tr69hostif-315188/src/unittest/stubs/mfr_wifi_api.h
2026-02-04 20:37:57,906 - Knowledge - INFO - Async storing batch of 6 embeddings
2026-02-04 20:37:58,168 - Knowledge - INFO - process ingested knowledge for /app/data/T0015/315188/b2119g2/tr69hostif-315188/src/unittest/stubs/iarm_stubs.cpp
2026-02-04 20:37:58,226 - Knowledge - INFO - Worker kw1 processing /app/data/T0015/315188/b2119g2/tr69hostif-315188/src/hostif/profiles/STBService/Components_XrdkEMMC.cpp
2026-02-04 20:37:58,430 - Knowledge - INFO - Worker kw1 processing /app/data/T0015/315188/b2119g2/tr69hostif-315188/src/hostif/profiles/STBService/Components_AudioOutput.cpp
2026-02-04 20:37:58,652 - Knowledge - INFO - Async storage completed for 6 embeddings
2026-02-04 20:37:58,661 - Knowledge - INFO - Worker kw1 processing /app/data/T0015/315188/b2119g2/tr69hostif-315188/src/hostif/profiles/STBService/Components_XrdkSDCard.h
2026-02-04 20:37:58,702 - Knowledge - INFO - [kw2] Queue=153, InProgress=0, PendingWorkers=20/20, Completed=114/366 (31.1%)
2026-02-04 20:37:58,929 - Knowledge - INFO - Worker kw1 processing /app/data/T0015/315188/b2119g2/tr69hostif-315188/src/hostif/profiles/STBService/Components_HDMI.h
2026-02-04 20:37:59,009 - Knowledge - INFO - Batch sizing: calculated=5, max_allowed=10, queue=153, active_workers=20/20
2026-02-04 20:37:59,066 - Knowledge - INFO - [kw14] Queue=153, InProgress=0, PendingWorkers=20/20, Completed=114/366 (31.1%)
2026-02-04 20:37:59,122 - Knowledge - INFO - Worker kw1 processing /app/data/T0015/315188/b2119g2/tr69hostif-315188/src/hostif/profiles/STBService/Components_VideoDecoder.cpp
2026-02-04 20:37:59,272 - Knowledge - INFO - Async storing batch of 6 embeddings
2026-02-04 20:37:59,379 - Knowledge - INFO - Batch sizing: calculated=5, max_allowed=10, queue=153, active_workers=20/20
2026-02-04 20:37:59,593 - Knowledge - INFO - Worker kw2 processing /app/data/T0015/315188/b2119g2/tr69hostif-315188/src/hostif/profiles/STBService/Components_VideoOutput.h
2026-02-04 20:37:59,683 - Knowledge - INFO - Async storing batch of 6 embeddings
2026-02-04 20:37:59,771 - Knowledge - INFO - Worker kw2 processing /app/data/T0015/315188/b2119g2/tr69hostif-315188/src/hostif/profiles/STBService/Capabilities.cpp
2026-02-04 20:37:59,859 - Knowledge - INFO - Worker kw14 processing /app/data/T0015/315188/b2119g2/tr69hostif-315188/src/hostif/profiles/StorageService/Service_Storage_PhyMedium.cpp
2026-02-04 20:37:59,973 - Knowledge - INFO - Worker kw2 processing /app/data/T0015/315188/b2119g2/tr69hostif-315188/src/hostif/profiles/StorageService/Service_Storage_PhyMedium.h
2026-02-04 20:38:00,078 - Knowledge - INFO - Worker kw14 processing /app/data/T0015/315188/b2119g2/tr69hostif-315188/src/hostif/profiles/IP/Device_IP_Diagnostics_SpeedTest.cpp
2026-02-04 20:38:00,149 - Knowledge - INFO - Worker kw2 processing /app/data/T0015/315188/b2119g2/tr69hostif-315188/src/hostif/profiles/StorageService/Service_Storage.cpp
2026-02-04 20:38:00,260 - Knowledge - INFO - Worker kw14 processing /app/data/T0015/315188/b2119g2/tr69hostif-315188/src/hostif/profiles/IP/Device_IP_Interface_IPv6Address.h
2026-02-04 20:38:00,342 - Knowledge - INFO - Worker kw2 processing /app/data/T0015/315188/b2119g2/tr69hostif-315188/src/hostif/profiles/StorageService/Service_Storage.h
2026-02-04 20:38:00,445 - Knowledge - INFO - Worker kw14 processing /app/data/T0015/315188/b2119g2/tr69hostif-315188/src/hostif/profiles/IP/Device_IP_Diagnostics_DownloadDiagnostics.h
2026-02-04 20:38:00,644 - Knowledge - INFO - Worker kw14 processing /app/data/T0015/315188/b2119g2/tr69hostif-315188/src/hostif/profiles/IP/Device_IP_Interface_Stats.h
2026-02-04 20:38:02,965 - Knowledge - INFO - [LLM_CALL] Completed: wrp-c.h:chunk1, Duration: 19312ms, PromptTokens: 5016, CompletionTokens: 59, Cost: $0.00053
2026-02-04 20:38:03,190 - Knowledge - INFO - done ingest for /app/data/T0015/315188/b2119g2/tr69hostif-315188/src/unittest/stubs/wrp-c.h
2026-02-04 20:38:03,430 - Knowledge - INFO - Fast-tracked /app/data/T0015/315188/b2119g2/tr69hostif-315188/src/unittest/stubs/ds/frontPanelConfig.hpp (small file (2434 bytes))
2026-02-04 20:38:03,481 - Knowledge - INFO - [LLM_CALL] Completed: dsError.h:chunk1, Duration: 38659ms, PromptTokens: 2284, CompletionTokens: 143, Cost: $0.00029
2026-02-04 20:38:03,754 - Knowledge - INFO - done ingest for /app/data/T0015/315188/b2119g2/tr69hostif-315188/src/unittest/stubs/dsError.h
2026-02-04 20:38:04,162 - Knowledge - INFO - Processing batch of 6 files
2026-02-04 20:38:04,337 - Knowledge - INFO - process ingested knowledge for /app/data/T0015/315188/b2119g2/tr69hostif-315188/src/unittest/stubs/ds/audioEncoding.hpp
2026-02-04 20:38:04,537 - Knowledge - INFO - process ingested knowledge for /app/data/T0015/315188/b2119g2/tr69hostif-315188/src/unittest/stubs/ds/libprocps.cpp
2026-02-04 20:38:04,756 - Knowledge - INFO - process ingested knowledge for /app/data/T0015/315188/b2119g2/tr69hostif-315188/src/unittest/stubs/ds/audioStereoMode.hpp
2026-02-04 20:38:04,923 - Knowledge - INFO - process ingested knowledge for /app/data/T0015/315188/b2119g2/tr69hostif-315188/src/unittest/stubs/ds/unsupportedOperationException.hpp
2026-02-04 20:38:05,089 - Knowledge - INFO - process ingested knowledge for /app/data/T0015/315188/b2119g2/tr69hostif-315188/src/unittest/stubs/dsError.h
2026-02-04 20:38:05,133 - Knowledge - INFO - Async storage completed for 6 embeddings
2026-02-04 20:38:05,256 - Knowledge - INFO - process ingested knowledge for /app/data/T0015/315188/b2119g2/tr69hostif-315188/src/unittest/stubs/wrp-c.h
2026-02-04 20:38:07,155 - Knowledge - INFO - [kw7] Queue=143, InProgress=0, PendingWorkers=20/20, Completed=120/366 (32.8%)
2026-02-04 20:38:07,481 - Knowledge - INFO - Batch sizing: calculated=5, max_allowed=10, queue=143, active_workers=20/20
2026-02-04 20:38:07,702 - Knowledge - INFO - Async storing batch of 6 embeddings
2026-02-04 20:38:07,909 - Knowledge - INFO - Worker kw7 processing /app/data/T0015/315188/b2119g2/tr69hostif-315188/src/hostif/profiles/IP/Device_IP_Diagnostics_TraceRoute.h
2026-02-04 20:38:08,266 - Knowledge - INFO - Worker kw7 processing /app/data/T0015/315188/b2119g2/tr69hostif-315188/src/hostif/profiles/IP/Device_IP_Diagnostics_UDPEchoConfig.h
2026-02-04 20:38:08,540 - Knowledge - INFO - Worker kw7 processing /app/data/T0015/315188/b2119g2/tr69hostif-315188/src/hostif/profiles/IP/Device_IP_Diagnostics_TraceRoute_RouteHops.h
2026-02-04 20:38:08,876 - Knowledge - INFO - Worker kw7 processing /app/data/T0015/315188/b2119g2/tr69hostif-315188/src/hostif/profiles/IP/Device_IP_Interface_IPv4Address.h
2026-02-04 20:38:09,040 - Knowledge - INFO - [LLM_CALL] Completed: edid-parser.hpp:chunk1, Duration: 38420ms, PromptTokens: 2534, CompletionTokens: 290, Cost: $0.00037
2026-02-04 20:38:09,201 - Knowledge - INFO - Worker kw7 processing /app/data/T0015/315188/b2119g2/tr69hostif-315188/src/hostif/profiles/IP/Device_IP_Diagnostics_IPPing.cpp
2026-02-04 20:38:09,318 - Knowledge - INFO - done ingest for /app/data/T0015/315188/b2119g2/tr69hostif-315188/src/unittest/stubs/ds/edid-parser.hpp
2026-02-04 20:38:11,089 - Knowledge - INFO - Fast-tracked /app/data/T0015/315188/b2119g2/tr69hostif-315188/src/hostif/profiles/DeviceInfo/XrdkCentralComBSStore.h (small file (3002 bytes))
2026-02-04 20:38:11,339 - Knowledge - INFO - Fast-tracked /app/data/T0015/315188/b2119g2/tr69hostif-315188/src/hostif/profiles/DeviceInfo/XrdkCentralComRFCStore.h (small file (2628 bytes))
2026-02-04 20:38:12,927 - Knowledge - INFO - [LLM_CALL] Completed: rbus_object.h:chunk1, Duration: 80433ms, PromptTokens: 6990, CompletionTokens: 2472, Cost: $0.00169
2026-02-04 20:38:13,256 - Knowledge - INFO - done ingest for /app/data/T0015/315188/b2119g2/tr69hostif-315188/src/unittest/stubs/rbus/include/rbus_object.h
2026-02-04 20:38:13,386 - Knowledge - INFO - [LLM_CALL] Completed: frontPanelTextDisplay.hpp:chunk1, Duration: 56468ms, PromptTokens: 3614, CompletionTokens: 760, Cost: $0.00067
2026-02-04 20:38:13,608 - Knowledge - INFO - done ingest for /app/data/T0015/315188/b2119g2/tr69hostif-315188/src/unittest/stubs/ds/frontPanelTextDisplay.hpp
2026-02-04 20:38:13,610 - Knowledge - WARNING - Timeout processing /app/data/T0015/315188/b2119g2/tr69hostif-315188/src/unittest/stubs/rbus/include/rbus.h after 90s - using fallback metadata
2026-02-04 20:38:13,877 - Knowledge - INFO - [LLM_CALL] Completed: exception.hpp:chunk1, Duration: 29295ms, PromptTokens: 2260, CompletionTokens: 357, Cost: $0.00037
2026-02-04 20:38:14,124 - Knowledge - INFO - done ingest for /app/data/T0015/315188/b2119g2/tr69hostif-315188/src/unittest/stubs/ds/exception.hpp
2026-02-04 20:38:14,186 - Knowledge - INFO - [LLM_CALL] Completed: audioOutputPort.hpp:chunk1, Duration: 30018ms, PromptTokens: 4418, CompletionTokens: 851, Cost: $0.00078
2026-02-04 20:38:14,602 - Knowledge - INFO - done ingest for /app/data/T0015/315188/b2119g2/tr69hostif-315188/src/unittest/stubs/ds/audioOutputPort.hpp
2026-02-04 20:38:14,686 - Knowledge - INFO - [LLM_CALL] Completed: manager.hpp:chunk1, Duration: 58073ms, PromptTokens: 4176, CompletionTokens: 257, Cost: $0.00052
2026-02-04 20:38:14,980 - Knowledge - INFO - done ingest for /app/data/T0015/315188/b2119g2/tr69hostif-315188/src/unittest/stubs/ds/manager.hpp
2026-02-04 20:38:14,996 - Knowledge - WARNING - Timeout processing /app/data/T0015/315188/b2119g2/tr69hostif-315188/src/unittest/stubs/wdmp_internal.h after 90s - using fallback metadata
2026-02-04 20:38:15,028 - Knowledge - INFO - Processing batch of 6 files
2026-02-04 20:38:15,035 - Knowledge - INFO - Processing batch of 6 files
2026-02-04 20:38:15,465 - Knowledge - INFO - process ingested knowledge for /app/data/T0015/315188/b2119g2/tr69hostif-315188/src/unittest/stubs/rbus/src/rtmessage/rtTime.h
2026-02-04 20:38:15,568 - Knowledge - INFO - process ingested knowledge for /app/data/T0015/315188/b2119g2/tr69hostif-315188/src/unittest/stubs/ds/frontPanelTextDisplay.hpp
2026-02-04 20:38:15,670 - Knowledge - INFO - process ingested knowledge for /app/data/T0015/315188/b2119g2/tr69hostif-315188/src/unittest/stubs/rbus/src/rtmessage/rtCipher.h
2026-02-04 20:38:15,822 - Knowledge - INFO - process ingested knowledge for /app/data/T0015/315188/b2119g2/tr69hostif-315188/src/unittest/stubs/ds/hostEDID.hpp
2026-02-04 20:38:15,954 - Knowledge - INFO - process ingested knowledge for /app/data/T0015/315188/b2119g2/tr69hostif-315188/src/unittest/stubs/rbus/src/rtmessage/rtVector.h
2026-02-04 20:38:16,143 - Knowledge - INFO - process ingested knowledge for /app/data/T0015/315188/b2119g2/tr69hostif-315188/src/unittest/stubs/ds/enumerable.hpp
2026-02-04 20:38:16,309 - Knowledge - INFO - process ingested knowledge for /app/data/T0015/315188/b2119g2/tr69hostif-315188/src/unittest/stubs/rbus/include/rbus_object.h
2026-02-04 20:38:16,417 - Knowledge - INFO - process ingested knowledge for /app/data/T0015/315188/b2119g2/tr69hostif-315188/src/unittest/stubs/ds/edid-parser.hpp
2026-02-04 20:38:16,634 - Knowledge - INFO - process ingested knowledge for /app/data/T0015/315188/b2119g2/tr69hostif-315188/src/unittest/stubs/rbus/include/rbus.h
2026-02-04 20:38:16,791 - Knowledge - INFO - process ingested knowledge for /app/data/T0015/315188/b2119g2/tr69hostif-315188/src/unittest/stubs/ds/audioOutputPort.hpp
2026-02-04 20:38:16,934 - Knowledge - INFO - process ingested knowledge for /app/data/T0015/315188/b2119g2/tr69hostif-315188/src/unittest/stubs/rbus/include/rbus_message.h
2026-02-04 20:38:17,063 - Knowledge - INFO - process ingested knowledge for /app/data/T0015/315188/b2119g2/tr69hostif-315188/src/unittest/stubs/ds/stereoScopicMode.hpp
2026-02-04 20:38:17,682 - Knowledge - INFO - [LLM_CALL] Completed: videoOutputPortType.hpp:chunk1, Duration: 49580ms, PromptTokens: 2306, CompletionTokens: 957, Cost: $0.00061
2026-02-04 20:38:17,860 - Knowledge - INFO - done ingest for /app/data/T0015/315188/b2119g2/tr69hostif-315188/src/unittest/stubs/ds/videoOutputPortType.hpp
2026-02-04 20:38:18,125 - Knowledge - INFO - Fast-tracked /app/data/T0015/315188/b2119g2/tr69hostif-315188/src/hostif/profiles/DeviceInfo/XrdkCentralComBSStoreJournal.h (small file (2638 bytes))
2026-02-04 20:38:18,360 - Knowledge - INFO - [WEBSOCKET] Sent: Type=progress_update, Size: 291, Duration: 0ms
2026-02-04 20:38:18,565 - Knowledge - INFO - [kw9] Queue=138, InProgress=0, PendingWorkers=20/20, Completed=138/366 (37.7%)
2026-02-04 20:38:18,566 - Knowledge - INFO - [WEBSOCKET] Sent: Type=unknown, Size: ?, Duration: 206ms
2026-02-04 20:38:18,748 - Knowledge - INFO - Batch sizing: calculated=5, max_allowed=10, queue=138, active_workers=20/20
2026-02-04 20:38:19,020 - Knowledge - INFO - Progress: 37.4% | Files: 138/366 | Rate: 1.15 files/sec | Queue: 138
2026-02-04 20:38:19,032 - Knowledge - INFO - Processing batch of 6 files
2026-02-04 20:38:19,148 - Knowledge - INFO - Async storing batch of 6 embeddings
2026-02-04 20:38:19,228 - Knowledge - INFO - [kw10] Queue=133, InProgress=0, PendingWorkers=20/20, Completed=138/366 (37.7%)
2026-02-04 20:38:19,315 - Knowledge - INFO - process ingested knowledge for /app/data/T0015/315188/b2119g2/tr69hostif-315188/src/unittest/stubs/ds/manager.hpp
2026-02-04 20:38:19,410 - Knowledge - INFO - Worker kw9 processing /app/data/T0015/315188/b2119g2/tr69hostif-315188/src/hostif/profiles/IP/Device_IP_ActivePort.h
2026-02-04 20:38:19,756 - Knowledge - INFO - Batch sizing: calculated=5, max_allowed=10, queue=133, active_workers=20/20
2026-02-04 20:38:19,880 - Knowledge - INFO - process ingested knowledge for /app/data/T0015/315188/b2119g2/tr69hostif-315188/src/unittest/stubs/ds/videoResolution.hpp
2026-02-04 20:38:20,098 - Knowledge - INFO - Worker kw9 processing /app/data/T0015/315188/b2119g2/tr69hostif-315188/src/hostif/profiles/IP/Device_IP.h
2026-02-04 20:38:20,145 - Knowledge - INFO - Async storing batch of 6 embeddings
2026-02-04 20:38:20,244 - Knowledge - INFO - [LLM_CALL] Completed: dsConstant.hpp:chunk1, Duration: 39896ms, PromptTokens: 3094, CompletionTokens: 404, Cost: $0.00047
2026-02-04 20:38:20,256 - Knowledge - INFO - process ingested knowledge for /app/data/T0015/315188/b2119g2/tr69hostif-315188/src/unittest/stubs/ds/videoOutputPortType.hpp
2026-02-04 20:38:20,481 - Knowledge - INFO - Worker kw9 processing /app/data/T0015/315188/b2119g2/tr69hostif-315188/src/hostif/profiles/IP/Device_IP_Interface.h
2026-02-04 20:38:20,546 - Knowledge - INFO - Worker kw10 processing /app/data/T0015/315188/b2119g2/tr69hostif-315188/src/hostif/profiles/IP/Device_IP_ActivePort.cpp
2026-02-04 20:38:20,820 - Knowledge - INFO - done ingest for /app/data/T0015/315188/b2119g2/tr69hostif-315188/src/unittest/stubs/ds/dsConstant.hpp
2026-02-04 20:38:20,934 - Knowledge - INFO - process ingested knowledge for /app/data/T0015/315188/b2119g2/tr69hostif-315188/src/unittest/stubs/ds/exception.hpp
2026-02-04 20:38:21,033 - Knowledge - INFO - Worker kw9 processing /app/data/T0015/315188/b2119g2/tr69hostif-315188/src/hostif/profiles/IP/Device_IP_Interface_IPv4Address.cpp
2026-02-04 20:38:21,106 - Knowledge - INFO - Worker kw10 processing /app/data/T0015/315188/b2119g2/tr69hostif-315188/src/hostif/profiles/IP/Device_IP.cpp
2026-02-04 20:38:21,359 - Knowledge - INFO - process ingested knowledge for /app/data/T0015/315188/b2119g2/tr69hostif-315188/src/unittest/stubs/ds/aspectRatio.hpp
2026-02-04 20:38:21,639 - Knowledge - INFO - Worker kw9 processing /app/data/T0015/315188/b2119g2/tr69hostif-315188/src/hostif/profiles/IP/Device_IP_Diagnostics_UploadDiagnostics.h
2026-02-04 20:38:21,771 - Knowledge - INFO - Worker kw10 processing /app/data/T0015/315188/b2119g2/tr69hostif-315188/src/hostif/profiles/IP/Device_IP_Interface.cpp
2026-02-04 20:38:21,881 - Knowledge - INFO - process ingested knowledge for /app/data/T0015/315188/b2119g2/tr69hostif-315188/src/unittest/stubs/ds/frontPanelConfig.hpp
2026-02-04 20:38:22,147 - Knowledge - INFO - Worker kw10 processing /app/data/T0015/315188/b2119g2/tr69hostif-315188/src/hostif/profiles/IP/Device_IP_Diagnostics_SpeedTest.h
2026-02-04 20:38:22,476 - Knowledge - INFO - Fast-tracked /app/data/T0015/315188/b2119g2/tr69hostif-315188/src/hostif/profiles/IP/Device_IP_Diagnostics_SpeedTest.h (ext=.h, size=1625)
2026-02-04 20:38:22,859 - Knowledge - INFO - Worker kw10 processing /app/data/T0015/315188/b2119g2/tr69hostif-315188/src/hostif/profiles/IP/Device_IP_Interface_IPv6Address.cpp
2026-02-04 20:38:26,190 - Knowledge - INFO - [LLM_CALL] Completed: hdmiIn.hpp:chunk1, Duration: 32232ms, PromptTokens: 2532, CompletionTokens: 1093, Cost: $0.00069
2026-02-04 20:38:26,441 - Knowledge - INFO - done ingest for /app/data/T0015/315188/b2119g2/tr69hostif-315188/src/unittest/stubs/ds/hdmiIn.hpp
2026-02-04 20:38:27,095 - Knowledge - INFO - [LLM_CALL] Completed: mfrMgr.h:chunk1, Duration: 91478ms, PromptTokens: 4488, CompletionTokens: 443, Cost: $0.00063
2026-02-04 20:38:27,409 - Knowledge - INFO - done ingest for /app/data/T0015/315188/b2119g2/tr69hostif-315188/src/unittest/stubs/mfrMgr.h
2026-02-04 20:38:27,441 - Knowledge - INFO - [kw12] Queue=128, InProgress=0, PendingWorkers=20/20, Completed=138/366 (37.7%)
2026-02-04 20:38:27,748 - Knowledge - INFO - Batch sizing: calculated=5, max_allowed=10, queue=128, active_workers=20/20
2026-02-04 20:38:27,751 - Knowledge - INFO - [LLM_CALL] Completed: videoOutputPort.hpp:chunk1, Duration: 66017ms, PromptTokens: 5580, CompletionTokens: 1336, Cost: $0.00109
2026-02-04 20:38:28,306 - Knowledge - INFO - done ingest for /app/data/T0015/315188/b2119g2/tr69hostif-315188/src/unittest/stubs/ds/videoOutputPort.hpp
2026-02-04 20:38:28,411 - Knowledge - INFO - Async storing batch of 6 embeddings
2026-02-04 20:38:28,666 - Knowledge - INFO - Worker kw12 processing /app/data/T0015/315188/b2119g2/tr69hostif-315188/src/hostif/profiles/IP/Device_IP_Diagnostics_IPPing.h
2026-02-04 20:38:28,921 - Knowledge - INFO - Fast-tracked /app/data/T0015/315188/b2119g2/tr69hostif-315188/src/hostif/profiles/IP/Device_IP_Diagnostics_IPPing.h (ext=.h, size=1449)
2026-02-04 20:38:29,168 - Knowledge - INFO - Worker kw12 processing /app/data/T0015/315188/b2119g2/tr69hostif-315188/src/hostif/profiles/IP/Device_IP_Interface_Stats.cpp
2026-02-04 20:38:29,407 - Knowledge - INFO - Worker kw12 processing /app/data/T0015/315188/b2119g2/tr69hostif-315188/src/hostif/profiles/DHCPv4/Device_DHCPv4_Client.h
2026-02-04 20:38:29,553 - Knowledge - INFO - Fast-tracked /app/data/T0015/315188/b2119g2/tr69hostif-315188/src/hostif/profiles/DeviceInfo/XrdkCentralComRFC.cpp (small file (2787 bytes))
2026-02-04 20:38:29,722 - Knowledge - INFO - Processing batch of 6 files
2026-02-04 20:38:29,728 - Knowledge - INFO - Worker kw12 processing /app/data/T0015/315188/b2119g2/tr69hostif-315188/src/hostif/profiles/DHCPv4/Device_DHCPv4_Client.cpp
2026-02-04 20:38:29,906 - Knowledge - INFO - [LLM_CALL] Completed: wdmp-c.c:chunk1, Duration: 68076ms, PromptTokens: 6054, CompletionTokens: 540, Cost: $0.00082
2026-02-04 20:38:29,913 - Knowledge - WARNING - Timeout processing /app/data/T0015/315188/b2119g2/tr69hostif-315188/src/unittest/stubs/libIARM.h after 90s - using fallback metadata
2026-02-04 20:38:29,969 - Knowledge - INFO - process ingested knowledge for /app/data/T0015/315188/b2119g2/tr69hostif-315188/src/unittest/stubs/ds/dslogger.h
2026-02-04 20:38:30,042 - Knowledge - INFO - Worker kw12 processing /app/data/T0015/315188/b2119g2/tr69hostif-315188/src/hostif/profiles/DHCPv4/gtest/gtest_dhcpv4.cpp
2026-02-04 20:38:30,136 - Knowledge - INFO - done ingest for /app/data/T0015/315188/b2119g2/tr69hostif-315188/src/unittest/stubs/wdmp-c.c
2026-02-04 20:38:30,256 - Knowledge - WARNING - Timeout processing /app/data/T0015/315188/b2119g2/tr69hostif-315188/src/unittest/stubs/power_controller.h after 90s - using fallback metadata
2026-02-04 20:38:30,361 - Knowledge - INFO - process ingested knowledge for /app/data/T0015/315188/b2119g2/tr69hostif-315188/src/unittest/stubs/ds/videoDevice.hpp
2026-02-04 20:38:30,775 - Knowledge - WARNING - Timeout processing /app/data/T0015/315188/b2119g2/tr69hostif-315188/src/unittest/stubs/wdmp-c.h after 90s - using fallback metadata
2026-02-04 20:38:30,851 - Knowledge - INFO - [LLM_CALL] Completed: pwrMgr.h:chunk1, Duration: 53226ms, PromptTokens: 7900, CompletionTokens: 538, Cost: $0.00101
2026-02-04 20:38:30,879 - Knowledge - INFO - process ingested knowledge for /app/data/T0015/315188/b2119g2/tr69hostif-315188/src/unittest/stubs/ds/frameRate.hpp
2026-02-04 20:38:30,976 - Knowledge - WARNING - Timeout processing /app/data/T0015/315188/b2119g2/tr69hostif-315188/src/unittest/stubs/safec_lib.h after 90s - using fallback metadata
2026-02-04 20:38:31,052 - Knowledge - INFO - done ingest for /app/data/T0015/315188/b2119g2/tr69hostif-315188/src/unittest/stubs/pwrMgr.h
2026-02-04 20:38:31,174 - Knowledge - INFO - process ingested knowledge for /app/data/T0015/315188/b2119g2/tr69hostif-315188/src/unittest/stubs/ds/videoOutputPort.hpp
2026-02-04 20:38:31,306 - Knowledge - INFO - Processing batch of 6 files
2026-02-04 20:38:31,467 - Knowledge - INFO - process ingested knowledge for /app/data/T0015/315188/b2119g2/tr69hostif-315188/src/unittest/stubs/ds/dsConstant.hpp
2026-02-04 20:38:31,470 - Knowledge - INFO - [LLM_CALL] Completed: dsVideoDeviceTypes.h:chunk1, Duration: 82832ms, PromptTokens: 5002, CompletionTokens: 219, Cost: $0.00059
2026-02-04 20:38:31,550 - Knowledge - INFO - process ingested knowledge for /app/data/T0015/315188/b2119g2/tr69hostif-315188/src/unittest/stubs/wdmp_internal.h
2026-02-04 20:38:31,672 - Knowledge - INFO - process ingested knowledge for /app/data/T0015/315188/b2119g2/tr69hostif-315188/src/unittest/stubs/ds/hdmiIn.hpp
2026-02-04 20:38:31,772 - Knowledge - INFO - done ingest for /app/data/T0015/315188/b2119g2/tr69hostif-315188/src/unittest/stubs/dsVideoDeviceTypes.h
2026-02-04 20:38:31,856 - Knowledge - INFO - process ingested knowledge for /app/data/T0015/315188/b2119g2/tr69hostif-315188/src/unittest/stubs/libIARM.h
2026-02-04 20:38:32,417 - Knowledge - INFO - process ingested knowledge for /app/data/T0015/315188/b2119g2/tr69hostif-315188/src/unittest/stubs/power_controller.h
2026-02-04 20:38:32,502 - Knowledge - WARNING - Timeout processing /app/data/T0015/315188/b2119g2/tr69hostif-315188/src/unittest/stubs/wdmp_internal.c after 90s - using fallback metadata
2026-02-04 20:38:32,634 - Knowledge - INFO - process ingested knowledge for /app/data/T0015/315188/b2119g2/tr69hostif-315188/src/unittest/stubs/wdmp-c.h
2026-02-04 20:38:32,765 - Knowledge - INFO - Processing batch of 6 files
2026-02-04 20:38:32,930 - Knowledge - INFO - process ingested knowledge for /app/data/T0015/315188/b2119g2/tr69hostif-315188/src/unittest/stubs/safec_lib.h
2026-02-04 20:38:32,937 - Knowledge - INFO - process ingested knowledge for /app/data/T0015/315188/b2119g2/tr69hostif-315188/src/unittest/stubs/mfrMgr.h
2026-02-04 20:38:32,964 - Knowledge - INFO - [WEBSOCKET] Sent: Type=progress_update, Size: 290, Duration: 0ms
2026-02-04 20:38:33,079 - Knowledge - INFO - process ingested knowledge for /app/data/T0015/315188/b2119g2/tr69hostif-315188/src/unittest/stubs/fwdnldstatus.txt
2026-02-04 20:38:33,190 - Knowledge - INFO - process ingested knowledge for /app/data/T0015/315188/b2119g2/tr69hostif-315188/src/unittest/stubs/rfcdefaults.ini
2026-02-04 20:38:33,330 - Knowledge - INFO - [WEBSOCKET] Sent: Type=unknown, Size: ?, Duration: 365ms
2026-02-04 20:38:33,595 - Knowledge - INFO - process ingested knowledge for /app/data/T0015/315188/b2119g2/tr69hostif-315188/src/unittest/stubs/dsVideoDeviceTypes.h
2026-02-04 20:38:33,640 - Knowledge - INFO - Progress: 42.6% | Files: 156/366 | Rate: 1.16 files/sec | Queue: 123
2026-02-04 20:38:33,802 - Knowledge - INFO - process ingested knowledge for /app/data/T0015/315188/b2119g2/tr69hostif-315188/src/unittest/stubs/wdmp-c.c
2026-02-04 20:38:33,901 - Knowledge - INFO - [kw3] Queue=123, InProgress=0, PendingWorkers=20/20, Completed=156/366 (42.6%)
2026-02-04 20:38:34,023 - Knowledge - INFO - process ingested knowledge for /app/data/T0015/315188/b2119g2/tr69hostif-315188/src/unittest/stubs/pwrMgr.h
2026-02-04 20:38:34,062 - Knowledge - INFO - [kw15] Queue=123, InProgress=0, PendingWorkers=20/20, Completed=156/366 (42.6%)
2026-02-04 20:38:34,115 - Knowledge - INFO - Batch sizing: calculated=5, max_allowed=10, queue=123, active_workers=20/20
2026-02-04 20:38:34,212 - Knowledge - INFO - process ingested knowledge for /app/data/T0015/315188/b2119g2/tr69hostif-315188/src/unittest/stubs/wdmp_internal.c
2026-02-04 20:38:34,298 - Knowledge - INFO - Batch sizing: calculated=5, max_allowed=10, queue=123, active_workers=20/20
2026-02-04 20:38:34,375 - Knowledge - INFO - Async storing batch of 6 embeddings
2026-02-04 20:38:34,600 - Knowledge - INFO - Async storing batch of 6 embeddings
2026-02-04 20:38:34,679 - Knowledge - INFO - Worker kw3 processing /app/data/T0015/315188/b2119g2/tr69hostif-315188/src/hostif/profiles/InterfaceStack/Device_InterfaceStack.h
2026-02-04 20:38:34,766 - Knowledge - INFO - Worker kw15 processing /app/data/T0015/315188/b2119g2/tr69hostif-315188/src/hostif/profiles/Ethernet/gtest/gtest_ethernet.cpp
2026-02-04 20:38:34,893 - Knowledge - INFO - Worker kw3 processing /app/data/T0015/315188/b2119g2/tr69hostif-315188/src/hostif/profiles/InterfaceStack/Device_InterfaceStack.cpp
2026-02-04 20:38:34,997 - Knowledge - INFO - Worker kw15 processing /app/data/T0015/315188/b2119g2/tr69hostif-315188/src/hostif/profiles/Ethernet/Device_Ethernet_Interface.cpp
2026-02-04 20:38:35,086 - Knowledge - INFO - Worker kw3 processing /app/data/T0015/315188/b2119g2/tr69hostif-315188/src/hostif/profiles/Ethernet/Device_Ethernet_Interface.h
2026-02-04 20:38:35,188 - Knowledge - INFO - Worker kw15 processing /app/data/T0015/315188/b2119g2/tr69hostif-315188/src/hostif/profiles/Time/Device_Time.h
2026-02-04 20:38:35,201 - Knowledge - INFO - [kw16] Queue=113, InProgress=0, PendingWorkers=20/20, Completed=156/366 (42.6%)
2026-02-04 20:38:35,343 - Knowledge - INFO - Worker kw3 processing /app/data/T0015/315188/b2119g2/tr69hostif-315188/src/hostif/profiles/Ethernet/Device_Ethernet_Interface_Stats.h
2026-02-04 20:38:35,456 - Knowledge - INFO - Worker kw15 processing /app/data/T0015/315188/b2119g2/tr69hostif-315188/src/hostif/profiles/Time/gtest/gtest_time.cpp
2026-02-04 20:38:35,524 - Knowledge - INFO - Batch sizing: calculated=5, max_allowed=10, queue=113, active_workers=20/20
2026-02-04 20:38:35,630 - Knowledge - INFO - Worker kw3 processing /app/data/T0015/315188/b2119g2/tr69hostif-315188/src/hostif/profiles/Ethernet/Device_Ethernet_Interface_Stats.cpp
2026-02-04 20:38:35,707 - Knowledge - INFO - Worker kw15 processing /app/data/T0015/315188/b2119g2/tr69hostif-315188/src/hostif/profiles/Time/Device_Time.cpp
2026-02-04 20:38:35,789 - Knowledge - INFO - Async storing batch of 6 embeddings
2026-02-04 20:38:36,151 - Knowledge - INFO - Worker kw16 processing /app/data/T0015/315188/b2119g2/tr69hostif-315188/src/hostif/profiles/wifi/Device_WiFi_Radio_Stats.h
2026-02-04 20:38:36,306 - Knowledge - INFO - Async storage completed for 6 embeddings
2026-02-04 20:38:36,321 - Knowledge - INFO - Worker kw16 processing /app/data/T0015/315188/b2119g2/tr69hostif-315188/src/hostif/profiles/wifi/Device_WiFi_AccessPoint_WPS.h
2026-02-04 20:38:36,571 - Knowledge - INFO - Worker kw16 processing /app/data/T0015/315188/b2119g2/tr69hostif-315188/src/hostif/profiles/wifi/Device_WiFi_X_RDKCENTRAL_COM_ClientRoaming.cpp
2026-02-04 20:38:36,741 - Knowledge - INFO - Worker kw16 processing /app/data/T0015/315188/b2119g2/tr69hostif-315188/src/hostif/profiles/wifi/Device_WiFi_EndPoint_WPS.cpp
2026-02-04 20:38:36,929 - Knowledge - INFO - Worker kw16 processing /app/data/T0015/315188/b2119g2/tr69hostif-315188/src/hostif/profiles/wifi/Device_WiFi_SSID_Stats.h
2026-02-04 20:38:37,983 - Knowledge - INFO - Async storage completed for 6 embeddings
2026-02-04 20:38:39,767 - Knowledge - INFO - Async storage completed for 6 embeddings
2026-02-04 20:38:44,801 - Knowledge - INFO - [LLM_CALL] Completed: Device_DeviceInfo_Processor.h:chunk1, Duration: 49292ms, PromptTokens: 2516, CompletionTokens: 367, Cost: $0.00040
2026-02-04 20:38:44,978 - Knowledge - INFO - done ingest for /app/data/T0015/315188/b2119g2/tr69hostif-315188/src/hostif/profiles/DeviceInfo/Device_DeviceInfo_Processor.h
2026-02-04 20:38:48,355 - Knowledge - INFO - Async storage completed for 6 embeddings
2026-02-04 20:38:50,225 - Knowledge - INFO - [LLM_CALL] Completed: XrdkBlueTooth.cpp:chunk1, Duration: 70687ms, PromptTokens: 17956, CompletionTokens: 943, Cost: $0.00217
2026-02-04 20:38:52,692 - Knowledge - INFO - Async storage completed for 6 embeddings
2026-02-04 20:38:53,804 - Knowledge - WARNING - Timeout processing /app/data/T0015/315188/b2119g2/tr69hostif-315188/src/hostif/include/hostIf_main.h after 90s - using fallback metadata
2026-02-04 20:38:53,976 - Knowledge - INFO - Async storage completed for 6 embeddings
2026-02-04 20:38:54,229 - Knowledge - WARNING - Timeout processing /app/data/T0015/315188/b2119g2/tr69hostif-315188/src/hostif/profiles/Device/x_rdk_profile.cpp after 90s - using fallback metadata
2026-02-04 20:38:54,765 - Knowledge - WARNING - Timeout processing /app/data/T0015/315188/b2119g2/tr69hostif-315188/src/hostif/profiles/Device/gtest/gtest_device.cpp after 90s - using fallback metadata
2026-02-04 20:38:55,267 - Knowledge - WARNING - Timeout processing /app/data/T0015/315188/b2119g2/tr69hostif-315188/src/hostif/profiles/moca/Device_MoCA_Interface.cpp after 90s - using fallback metadata
2026-02-04 20:38:55,509 - Knowledge - WARNING - Timeout processing /app/data/T0015/315188/b2119g2/tr69hostif-315188/src/hostif/profiles/moca/Device_MoCA_Interface_QoS_FlowStats.cpp after 90s - using fallback metadata
2026-02-04 20:38:56,402 - Knowledge - INFO - [LLM_CALL] Completed: Device_MoCA_Interface_X_RDKCENTRAL_COM_MeshTable.cpp:chunk1, Duration: 70572ms, PromptTokens: 5622, CompletionTokens: 615, Cost: $0.00081
2026-02-04 20:38:56,687 - Knowledge - INFO - done ingest for /app/data/T0015/315188/b2119g2/tr69hostif-315188/src/hostif/profiles/moca/Device_MoCA_Interface_X_RDKCENTRAL_COM_MeshTable.cpp
2026-02-04 20:38:56,699 - Knowledge - INFO - Processing batch of 6 files
2026-02-04 20:38:56,721 - Knowledge - INFO - [LLM_CALL] Completed: hostIf_tr69ReqHandler.h:chunk1, Duration: 58454ms, PromptTokens: 4090, CompletionTokens: 466, Cost: $0.00060
2026-02-04 20:38:57,038 - Knowledge - INFO - process ingested knowledge for /app/data/T0015/315188/b2119g2/tr69hostif-315188/src/hostif/include/hostIf_main.h
2026-02-04 20:38:57,187 - Knowledge - INFO - done ingest for /app/data/T0015/315188/b2119g2/tr69hostif-315188/src/hostif/include/hostIf_tr69ReqHandler.h
2026-02-04 20:38:57,319 - Knowledge - INFO - process ingested knowledge for /app/data/T0015/315188/b2119g2/tr69hostif-315188/src/hostif/profiles/Device/x_rdk_profile.h
2026-02-04 20:38:57,559 - Knowledge - INFO - process ingested knowledge for /app/data/T0015/315188/b2119g2/tr69hostif-315188/src/hostif/profiles/Device/x_rdk_profile.cpp
2026-02-04 20:38:57,892 - Knowledge - INFO - process ingested knowledge for /app/data/T0015/315188/b2119g2/tr69hostif-315188/src/hostif/profiles/Device/gtest/gtest_device.cpp
2026-02-04 20:38:58,123 - Knowledge - INFO - process ingested knowledge for /app/data/T0015/315188/b2119g2/tr69hostif-315188/src/hostif/profiles/moca/Device_MoCA_Interface.cpp
2026-02-04 20:38:58,392 - Knowledge - INFO - process ingested knowledge for /app/data/T0015/315188/b2119g2/tr69hostif-315188/src/hostif/profiles/moca/Device_MoCA_Interface_QoS_FlowStats.cpp
2026-02-04 20:39:00,079 - Knowledge - INFO - [LLM_CALL] Completed: Device_MoCA_Interface_AssociatedDevice.h:chunk1, Duration: 91463ms, PromptTokens: 9228, CompletionTokens: 758, Cost: $0.00123
2026-02-04 20:39:00,326 - Knowledge - INFO - done ingest for /app/data/T0015/315188/b2119g2/tr69hostif-315188/src/hostif/profiles/moca/Device_MoCA_Interface_AssociatedDevice.h
2026-02-04 20:39:00,504 - Knowledge - INFO - [LLM_CALL] Completed: hostIf_utils.h:chunk1, Duration: 42481ms, PromptTokens: 3266, CompletionTokens: 1043, Cost: $0.00074
2026-02-04 20:39:00,744 - Knowledge - INFO - done ingest for /app/data/T0015/315188/b2119g2/tr69hostif-315188/src/hostif/include/hostIf_utils.h
2026-02-04 20:39:01,112 - Knowledge - WARNING - Timeout processing /app/data/T0015/315188/b2119g2/tr69hostif-315188/src/hostif/src/hostIf_utils.cpp after 90s - using fallback metadata
2026-02-04 20:39:01,316 - Knowledge - WARNING - Timeout processing /app/data/T0015/315188/b2119g2/tr69hostif-315188/src/hostif/src/gtest/gtest_src.cpp after 90s - using fallback metadata
2026-02-04 20:39:01,771 - Knowledge - INFO - [WEBSOCKET] Sent: Type=progress_update, Size: 293, Duration: 0ms
2026-02-04 20:39:02,107 - Knowledge - INFO - [WEBSOCKET] Sent: Type=unknown, Size: ?, Duration: 336ms
2026-02-04 20:39:02,408 - Knowledge - INFO - Progress: 45.1% | Files: 166/366 | Rate: 1.02 files/sec | Queue: 108
2026-02-04 20:39:02,621 - Knowledge - INFO - Processing batch of 6 files
2026-02-04 20:39:02,708 - Knowledge - INFO - [kw4] Queue=108, InProgress=0, PendingWorkers=20/20, Completed=168/366 (45.9%)
2026-02-04 20:39:02,883 - Knowledge - INFO - process ingested knowledge for /app/data/T0015/315188/b2119g2/tr69hostif-315188/src/hostif/src/hostIf_utils.cpp
2026-02-04 20:39:03,034 - Knowledge - INFO - Batch sizing: calculated=5, max_allowed=10, queue=108, active_workers=20/20
2026-02-04 20:39:03,159 - Knowledge - INFO - process ingested knowledge for /app/data/T0015/315188/b2119g2/tr69hostif-315188/src/hostif/src/IniFile.cpp
2026-02-04 20:39:03,280 - Knowledge - INFO - Async storing batch of 6 embeddings
2026-02-04 20:39:03,409 - Knowledge - INFO - process ingested knowledge for /app/data/T0015/315188/b2119g2/tr69hostif-315188/src/hostif/src/gtest/gtest_src.cpp
2026-02-04 20:39:03,543 - Knowledge - INFO - Worker kw4 processing /app/data/T0015/315188/b2119g2/tr69hostif-315188/src/hostif/profiles/wifi/Device_WiFi_EndPoint_Profile.h
2026-02-04 20:39:03,706 - Knowledge - INFO - process ingested knowledge for /app/data/T0015/315188/b2119g2/tr69hostif-315188/src/hostif/include/IniFile.h
2026-02-04 20:39:03,820 - Knowledge - INFO - Worker kw4 processing /app/data/T0015/315188/b2119g2/tr69hostif-315188/src/hostif/profiles/wifi/Device_WiFi.h
2026-02-04 20:39:04,007 - Knowledge - INFO - process ingested knowledge for /app/data/T0015/315188/b2119g2/tr69hostif-315188/src/hostif/include/hostIf_tr69ReqHandler.h
2026-02-04 20:39:04,150 - Knowledge - INFO - Worker kw4 processing /app/data/T0015/315188/b2119g2/tr69hostif-315188/src/hostif/profiles/wifi/Device_WiFi_EndPoint.h
2026-02-04 20:39:04,305 - Knowledge - INFO - process ingested knowledge for /app/data/T0015/315188/b2119g2/tr69hostif-315188/src/hostif/include/hostIf_utils.h
2026-02-04 20:39:04,439 - Knowledge - INFO - Worker kw4 processing /app/data/T0015/315188/b2119g2/tr69hostif-315188/src/hostif/profiles/wifi/Device_WiFi_Radio.h
2026-02-04 20:39:04,784 - Knowledge - INFO - [LLM_CALL] Completed: Device_DeviceInfo_ProcessStatus.h:chunk1, Duration: 34887ms, PromptTokens: 2904, CompletionTokens: 535, Cost: $0.00050
2026-02-04 20:39:04,823 - Knowledge - INFO - Worker kw4 processing /app/data/T0015/315188/b2119g2/tr69hostif-315188/src/hostif/profiles/wifi/Device_WiFi_AccessPoint.cpp
2026-02-04 20:39:04,989 - Knowledge - INFO - done ingest for /app/data/T0015/315188/b2119g2/tr69hostif-315188/src/hostif/profiles/DeviceInfo/Device_DeviceInfo_ProcessStatus.h
2026-02-04 20:39:05,731 - Knowledge - INFO - Async storage completed for 6 embeddings
2026-02-04 20:39:06,210 - Knowledge - INFO - [LLM_CALL] Completed: Device_MoCA_Interface_Stats.cpp:chunk1, Duration: 66469ms, PromptTokens: 6260, CompletionTokens: 1204, Cost: $0.00111
2026-02-04 20:39:06,576 - Knowledge - INFO - done ingest for /app/data/T0015/315188/b2119g2/tr69hostif-315188/src/hostif/profiles/moca/Device_MoCA_Interface_Stats.cpp
2026-02-04 20:39:06,739 - Knowledge - INFO - [LLM_CALL] Completed: XrdkBlueTooth.h:chunk1, Duration: 55235ms, PromptTokens: 4628, CompletionTokens: 469, Cost: $0.00065
2026-02-04 20:39:06,831 - Knowledge - WARNING - Timeout processing /app/data/T0015/315188/b2119g2/tr69hostif-315188/src/hostif/profiles/moca/Device_MoCA_Interface.h after 90s - using fallback metadata
2026-02-04 20:39:06,940 - Knowledge - INFO - done ingest for /app/data/T0015/315188/b2119g2/tr69hostif-315188/src/hostif/profiles/DeviceInfo/XrdkBlueTooth.h
2026-02-04 20:39:06,999 - Knowledge - INFO - [kw8] Queue=103, InProgress=0, PendingWorkers=20/20, Completed=168/366 (45.9%)
2026-02-04 20:39:07,068 - Knowledge - INFO - Processing batch of 5 files
2026-02-04 20:39:07,264 - Knowledge - INFO - Batch sizing: calculated=5, max_allowed=10, queue=103, active_workers=20/20
2026-02-04 20:39:07,423 - Knowledge - INFO - process ingested knowledge for /app/data/T0015/315188/b2119g2/tr69hostif-315188/src/hostif/profiles/moca/Device_MoCA_Interface_AssociatedDevice.h
2026-02-04 20:39:07,675 - Knowledge - INFO - Async storing batch of 6 embeddings
2026-02-04 20:39:07,804 - Knowledge - INFO - process ingested knowledge for /app/data/T0015/315188/b2119g2/tr69hostif-315188/src/hostif/profiles/moca/Device_MoCA_Interface_QoS.cpp
2026-02-04 20:39:07,971 - Knowledge - INFO - Worker kw8 processing /app/data/T0015/315188/b2119g2/tr69hostif-315188/src/hostif/profiles/wifi/Device_WiFi_EndPoint_Profile_Security.cpp
2026-02-04 20:39:08,132 - Knowledge - INFO - process ingested knowledge for /app/data/T0015/315188/b2119g2/tr69hostif-315188/src/hostif/profiles/moca/Device_MoCA_Interface_X_RDKCENTRAL_COM_MeshTable.cpp
2026-02-04 20:39:08,303 - Knowledge - INFO - Worker kw8 processing /app/data/T0015/315188/b2119g2/tr69hostif-315188/src/hostif/profiles/wifi/Device_WiFi_SSID.h
2026-02-04 20:39:08,479 - Knowledge - INFO - process ingested knowledge for /app/data/T0015/315188/b2119g2/tr69hostif-315188/src/hostif/profiles/moca/Device_MoCA_Interface_Stats.cpp
2026-02-04 20:39:08,600 - Knowledge - INFO - Worker kw8 processing /app/data/T0015/315188/b2119g2/tr69hostif-315188/src/hostif/profiles/wifi/Device_WiFi_AccessPoint_Security.h
2026-02-04 20:39:08,734 - Knowledge - INFO - process ingested knowledge for /app/data/T0015/315188/b2119g2/tr69hostif-315188/src/hostif/profiles/moca/Device_MoCA_Interface.h
2026-02-04 20:39:08,836 - Knowledge - INFO - Worker kw8 processing /app/data/T0015/315188/b2119g2/tr69hostif-315188/src/hostif/profiles/wifi/Device_WiFi_EndPoint_Security.cpp
2026-02-04 20:39:09,117 - Knowledge - INFO - Worker kw8 processing /app/data/T0015/315188/b2119g2/tr69hostif-315188/src/hostif/profiles/wifi/Device_WiFi_AccessPoint_AssociatedDevice.h
2026-02-04 20:39:10,171 - Knowledge - INFO - [LLM_CALL] Completed: Device_DeviceInfo_Processor.cpp:chunk1, Duration: 76832ms, PromptTokens: 3502, CompletionTokens: 573, Cost: $0.00058
2026-02-04 20:39:10,404 - Knowledge - INFO - done ingest for /app/data/T0015/315188/b2119g2/tr69hostif-315188/src/hostif/profiles/DeviceInfo/Device_DeviceInfo_Processor.cpp
2026-02-04 20:39:10,770 - Knowledge - INFO - [WEBSOCKET] Sent: Type=progress_update, Size: 291, Duration: 0ms
2026-02-04 20:39:11,015 - Knowledge - INFO - [WEBSOCKET] Sent: Type=unknown, Size: ?, Duration: 245ms
2026-02-04 20:39:11,245 - Knowledge - INFO - Async storage completed for 6 embeddings
2026-02-04 20:39:11,277 - Knowledge - INFO - Progress: 47.3% | Files: 173/366 | Rate: 1.00 files/sec | Queue: 98
2026-02-04 20:39:11,708 - Knowledge - INFO - [kw6] Queue=98, InProgress=0, PendingWorkers=20/20, Completed=173/366 (47.3%)
2026-02-04 20:39:11,798 - Knowledge - INFO - [LLM_CALL] Completed: Device_DeviceInfo.h:chunk1, Duration: 78688ms, PromptTokens: 16374, CompletionTokens: 1422, Cost: $0.00221
2026-02-04 20:39:12,019 - Knowledge - INFO - Batch sizing: calculated=4, max_allowed=10, queue=98, active_workers=20/20
2026-02-04 20:39:12,186 - Knowledge - INFO - [LLM_CALL] Completed: XrdkCentralComBSStoreJournal.cpp:chunk1, Duration: 60486ms, PromptTokens: 8456, CompletionTokens: 649, Cost: $0.00111
2026-02-04 20:39:12,904 - Knowledge - INFO - done ingest for /app/data/T0015/315188/b2119g2/tr69hostif-315188/src/hostif/profiles/DeviceInfo/XrdkCentralComBSStoreJournal.cpp
2026-02-04 20:39:12,912 - Knowledge - INFO - Async storing batch of 5 embeddings
2026-02-04 20:39:13,284 - Knowledge - INFO - Worker kw6 processing /app/data/T0015/315188/b2119g2/tr69hostif-315188/src/hostif/profiles/wifi/Device_WiFi_SSID.cpp
2026-02-04 20:39:13,559 - Knowledge - INFO - Worker kw6 processing /app/data/T0015/315188/b2119g2/tr69hostif-315188/src/hostif/profiles/wifi/Device_WiFi_AccessPoint_Security.cpp
2026-02-04 20:39:13,811 - Knowledge - INFO - Worker kw6 processing /app/data/T0015/315188/b2119g2/tr69hostif-315188/src/hostif/profiles/wifi/Device_WiFi_AccessPoint_AssociatedDevice.cpp
2026-02-04 20:39:14,100 - Knowledge - INFO - Worker kw6 processing /app/data/T0015/315188/b2119g2/tr69hostif-315188/src/hostif/profiles/wifi/Device_WiFi_Radio.cpp
2026-02-04 20:39:14,493 - Knowledge - INFO - [LLM_CALL] Completed: XrdkCentralComBSStore.cpp:chunk1, Duration: 56198ms, PromptTokens: 18398, CompletionTokens: 1320, Cost: $0.00237
2026-02-04 20:39:14,722 - Knowledge - INFO - done ingest for /app/data/T0015/315188/b2119g2/tr69hostif-315188/src/hostif/profiles/DeviceInfo/XrdkCentralComBSStore.cpp
2026-02-04 20:39:14,949 - Knowledge - WARNING - Timeout processing /app/data/T0015/315188/b2119g2/tr69hostif-315188/src/hostif/profiles/DeviceInfo/XrdkBlueTooth.cpp after 90s - using fallback metadata
2026-02-04 20:39:14,989 - Knowledge - INFO - [LLM_CALL] Completed: Components_XrdkSDCard.cpp:chunk1, Duration: 43217ms, PromptTokens: 16714, CompletionTokens: 757, Cost: $0.00197
2026-02-04 20:39:15,393 - Knowledge - INFO - done ingest for /app/data/T0015/315188/b2119g2/tr69hostif-315188/src/hostif/profiles/STBService/Components_XrdkSDCard.cpp
2026-02-04 20:39:15,437 - Knowledge - INFO - Processing batch of 5 files
2026-02-04 20:39:15,454 - Knowledge - INFO - Async storage completed for 6 embeddings
2026-02-04 20:39:15,675 - Knowledge - INFO - Processing batch of 5 files
2026-02-04 20:39:15,737 - Knowledge - INFO - process ingested knowledge for /app/data/T0015/315188/b2119g2/tr69hostif-315188/src/hostif/profiles/DeviceInfo/XrdkBlueTooth.cpp
2026-02-04 20:39:15,938 - Knowledge - INFO - process ingested knowledge for /app/data/T0015/315188/b2119g2/tr69hostif-315188/src/hostif/profiles/DeviceInfo/Device_DeviceInfo_Processor.cpp
2026-02-04 20:39:16,029 - Knowledge - INFO - process ingested knowledge for /app/data/T0015/315188/b2119g2/tr69hostif-315188/src/hostif/profiles/DeviceInfo/Device_DeviceInfo_Processor.h
2026-02-04 20:39:16,129 - Knowledge - INFO - process ingested knowledge for /app/data/T0015/315188/b2119g2/tr69hostif-315188/src/hostif/profiles/DeviceInfo/gtest/gtest_main.cpp
2026-02-04 20:39:16,211 - Knowledge - INFO - process ingested knowledge for /app/data/T0015/315188/b2119g2/tr69hostif-315188/src/hostif/profiles/DeviceInfo/XrdkCentralComBSStoreJournal.h
2026-02-04 20:39:16,391 - Knowledge - INFO - process ingested knowledge for /app/data/T0015/315188/b2119g2/tr69hostif-315188/src/hostif/profiles/DeviceInfo/XrdkCentralComRFCStore.h
2026-02-04 20:39:16,519 - Knowledge - INFO - process ingested knowledge for /app/data/T0015/315188/b2119g2/tr69hostif-315188/src/hostif/profiles/DeviceInfo/XrdkCentralComBSStore.cpp
2026-02-04 20:39:16,647 - Knowledge - INFO - process ingested knowledge for /app/data/T0015/315188/b2119g2/tr69hostif-315188/src/hostif/profiles/DeviceInfo/XrdkCentralComBSStoreJournal.cpp
2026-02-04 20:39:16,770 - Knowledge - INFO - process ingested knowledge for /app/data/T0015/315188/b2119g2/tr69hostif-315188/src/hostif/profiles/DeviceInfo/Device_DeviceInfo.cpp
2026-02-04 20:39:16,865 - Knowledge - INFO - process ingested knowledge for /app/data/T0015/315188/b2119g2/tr69hostif-315188/src/hostif/profiles/STBService/Components_XrdkSDCard.cpp
2026-02-04 20:39:17,994 - Knowledge - INFO - [WEBSOCKET] Sent: Type=progress_update, Size: 293, Duration: 0ms
2026-02-04 20:39:18,153 - Knowledge - INFO - [kw11] Queue=94, InProgress=0, PendingWorkers=20/20, Completed=183/366 (50.0%)
2026-02-04 20:39:18,154 - Knowledge - INFO - [WEBSOCKET] Sent: Type=unknown, Size: ?, Duration: 160ms
2026-02-04 20:39:18,334 - Knowledge - INFO - Batch sizing: calculated=4, max_allowed=10, queue=94, active_workers=20/20
2026-02-04 20:39:18,436 - Knowledge - INFO - Progress: 50.0% | Files: 183/366 | Rate: 1.02 files/sec | Queue: 94
2026-02-04 20:39:18,576 - Knowledge - INFO - Async storing batch of 5 embeddings
2026-02-04 20:39:18,837 - Knowledge - INFO - [kw13] Queue=90, InProgress=0, PendingWorkers=20/20, Completed=183/366 (50.0%)
2026-02-04 20:39:18,999 - Knowledge - INFO - Worker kw11 processing /app/data/T0015/315188/b2119g2/tr69hostif-315188/src/hostif/profiles/wifi/Device_WiFi_X_RDKCENTRAL_COM_ClientRoaming.h
2026-02-04 20:39:19,113 - Knowledge - INFO - Batch sizing: calculated=4, max_allowed=10, queue=90, active_workers=20/20
2026-02-04 20:39:19,395 - Knowledge - INFO - Worker kw11 processing /app/data/T0015/315188/b2119g2/tr69hostif-315188/src/hostif/profiles/wifi/Device_WiFi_EndPoint_WPS.h
2026-02-04 20:39:19,483 - Knowledge - INFO - Async storing batch of 5 embeddings
2026-02-04 20:39:19,743 - Knowledge - INFO - Worker kw11 processing /app/data/T0015/315188/b2119g2/tr69hostif-315188/src/hostif/profiles/wifi/Device_WiFi_AccessPoint_WPS.cpp
2026-02-04 20:39:19,910 - Knowledge - INFO - Worker kw13 processing /app/data/T0015/315188/b2119g2/tr69hostif-315188/src/hostif/profiles/wifi/Device_WiFi_EndPoint_Security.h
2026-02-04 20:39:20,290 - Knowledge - INFO - Worker kw11 processing /app/data/T0015/315188/b2119g2/tr69hostif-315188/src/hostif/profiles/wifi/Device_WiFi_Radio_Stats.cpp
2026-02-04 20:39:20,303 - Knowledge - INFO - Worker kw13 processing /app/data/T0015/315188/b2119g2/tr69hostif-315188/src/hostif/profiles/wifi/Device_WiFi_EndPoint_Profile_Security.h
2026-02-04 20:39:20,593 - Knowledge - INFO - [LLM_CALL] Completed: XrdkCentralComRFCStore.cpp:chunk1, Duration: 75926ms, PromptTokens: 11494, CompletionTokens: 815, Cost: $0.00148
2026-02-04 20:39:20,630 - Knowledge - INFO - Worker kw13 processing /app/data/T0015/315188/b2119g2/tr69hostif-315188/src/hostif/profiles/wifi/Device_WiFi_EndPoint_Profile.cpp
2026-02-04 20:39:20,792 - Knowledge - INFO - done ingest for /app/data/T0015/315188/b2119g2/tr69hostif-315188/src/hostif/profiles/DeviceInfo/XrdkCentralComRFCStore.cpp
2026-02-04 20:39:20,916 - Knowledge - INFO - Worker kw13 processing /app/data/T0015/315188/b2119g2/tr69hostif-315188/src/hostif/profiles/wifi/Device_WiFi.cpp
2026-02-04 20:39:21,411 - Knowledge - INFO - Fast-tracked /app/data/T0015/315188/b2119g2/tr69hostif-315188/src/hostif/profiles/wifi/Device_WiFi_EndPoint_Security.h (small file (3019 bytes))
2026-02-04 20:39:21,543 - Knowledge - INFO - Async storage completed for 6 embeddings
2026-02-04 20:39:22,355 - Knowledge - WARNING - Timeout processing /app/data/T0015/315188/b2119g2/tr69hostif-315188/src/hostif/profiles/moca/Device_MoCA_Interface_AssociatedDevice.cpp after 90s - using fallback metadata
2026-02-04 20:39:22,689 - Knowledge - INFO - [LLM_CALL] Completed: Device_DeviceInfo_ProcessStatus_Process.cpp:chunk1, Duration: 95409ms, PromptTokens: 10756, CompletionTokens: 837, Cost: $0.00141
2026-02-04 20:39:22,838 - Knowledge - WARNING - Timeout processing /app/data/T0015/315188/b2119g2/tr69hostif-315188/src/hostif/profiles/moca/Device_MoCA_Interface_QoS_FlowStats.h after 90s - using fallback metadata
2026-02-04 20:39:23,093 - Knowledge - INFO - done ingest for /app/data/T0015/315188/b2119g2/tr69hostif-315188/src/hostif/profiles/DeviceInfo/Device_DeviceInfo_ProcessStatus_Process.cpp
2026-02-04 20:39:23,198 - Knowledge - WARNING - Timeout processing /app/data/T0015/315188/b2119g2/tr69hostif-315188/src/hostif/profiles/moca/Device_MoCA_Interface_Stats.h after 90s - using fallback metadata
2026-02-04 20:39:23,507 - Knowledge - WARNING - Timeout processing /app/data/T0015/315188/b2119g2/tr69hostif-315188/src/hostif/profiles/moca/Device_MoCA_Interface_QoS.h after 90s - using fallback metadata
2026-02-04 20:39:23,963 - Knowledge - WARNING - Timeout processing /app/data/T0015/315188/b2119g2/tr69hostif-315188/src/hostif/profiles/moca/Device_MoCA_Interface_X_RDKCENTRAL_COM_MeshTable.h after 90s - using fallback metadata
2026-02-04 20:39:25,664 - Knowledge - INFO - Processing batch of 5 files
2026-02-04 20:39:26,640 - Knowledge - WARNING - Timeout processing /app/data/T0015/315188/b2119g2/tr69hostif-315188/src/hostif/profiles/DeviceInfo/Device_DeviceInfo_ProcessStatus.cpp after 90s - using fallback metadata
2026-02-04 20:39:26,755 - Knowledge - INFO - process ingested knowledge for /app/data/T0015/315188/b2119g2/tr69hostif-315188/src/hostif/profiles/moca/Device_MoCA_Interface_QoS_FlowStats.h
2026-02-04 20:39:26,872 - Knowledge - WARNING - Timeout processing /app/data/T0015/315188/b2119g2/tr69hostif-315188/src/hostif/profiles/DeviceInfo/Device_DeviceInfo_ProcessStatus_Process.h after 90s - using fallback metadata
2026-02-04 20:39:26,891 - Knowledge - INFO - [LLM_CALL] Completed: Components_DisplayDevice.h:chunk1, Duration: 51189ms, PromptTokens: 2982, CompletionTokens: 529, Cost: $0.00051
2026-02-04 20:39:26,980 - Knowledge - INFO - process ingested knowledge for /app/data/T0015/315188/b2119g2/tr69hostif-315188/src/hostif/profiles/moca/Device_MoCA_Interface_Stats.h
2026-02-04 20:39:27,204 - Knowledge - INFO - done ingest for /app/data/T0015/315188/b2119g2/tr69hostif-315188/src/hostif/profiles/STBService/Components_DisplayDevice.h
2026-02-04 20:39:27,376 - Knowledge - INFO - process ingested knowledge for /app/data/T0015/315188/b2119g2/tr69hostif-315188/src/hostif/profiles/moca/Device_MoCA_Interface_QoS.h
2026-02-04 20:39:27,658 - Knowledge - INFO - process ingested knowledge for /app/data/T0015/315188/b2119g2/tr69hostif-315188/src/hostif/profiles/moca/Device_MoCA_Interface_X_RDKCENTRAL_COM_MeshTable.h
2026-02-04 20:39:27,934 - Knowledge - INFO - process ingested knowledge for /app/data/T0015/315188/b2119g2/tr69hostif-315188/src/hostif/profiles/moca/Device_MoCA_Interface_AssociatedDevice.cpp
2026-02-04 20:39:28,052 - Knowledge - INFO - Processing batch of 5 files
2026-02-04 20:39:28,191 - Knowledge - INFO - [LLM_CALL] Completed: Components_SPDIF.h:chunk1, Duration: 36086ms, PromptTokens: 3110, CompletionTokens: 677, Cost: $0.00058
2026-02-04 20:39:28,301 - Knowledge - INFO - process ingested knowledge for /app/data/T0015/315188/b2119g2/tr69hostif-315188/src/hostif/profiles/DeviceInfo/Device_DeviceInfo_ProcessStatus_Process.cpp
2026-02-04 20:39:28,447 - Knowledge - INFO - done ingest for /app/data/T0015/315188/b2119g2/tr69hostif-315188/src/hostif/profiles/STBService/Components_SPDIF.h
2026-02-04 20:39:28,626 - Knowledge - INFO - Fast-tracked /app/data/T0015/315188/b2119g2/tr69hostif-315188/src/hostif/profiles/IP/Device_IP_Diagnostics_IPPing.cpp (small file (3004 bytes))
2026-02-04 20:39:28,645 - Knowledge - INFO - process ingested knowledge for /app/data/T0015/315188/b2119g2/tr69hostif-315188/src/hostif/profiles/DeviceInfo/XrdkCentralComRFC.h
2026-02-04 20:39:28,854 - Knowledge - INFO - Async storage completed for 6 embeddings
2026-02-04 20:39:29,261 - Knowledge - INFO - process ingested knowledge for /app/data/T0015/315188/b2119g2/tr69hostif-315188/src/hostif/profiles/DeviceInfo/XrdkCentralComRFCStore.cpp
2026-02-04 20:39:29,853 - Knowledge - INFO - process ingested knowledge for /app/data/T0015/315188/b2119g2/tr69hostif-315188/src/hostif/profiles/DeviceInfo/Device_DeviceInfo_ProcessStatus.cpp
2026-02-04 20:39:30,500 - Knowledge - INFO - process ingested knowledge for /app/data/T0015/315188/b2119g2/tr69hostif-315188/src/hostif/profiles/DeviceInfo/Device_DeviceInfo_ProcessStatus_Process.h
2026-02-04 20:39:31,375 - Knowledge - INFO - [WEBSOCKET] Sent: Type=progress_update, Size: 290, Duration: 0ms
2026-02-04 20:39:31,658 - Knowledge - INFO - [WEBSOCKET] Sent: Type=unknown, Size: ?, Duration: 284ms
2026-02-04 20:39:31,904 - Knowledge - INFO - Progress: 52.7% | Files: 193/366 | Rate: 1.00 files/sec | Queue: 86
2026-02-04 20:39:31,912 - Knowledge - INFO - [LLM_CALL] Completed: Components_AudioOutput.h:chunk1, Duration: 95810ms, PromptTokens: 4776, CompletionTokens: 923, Cost: $0.00085
2026-02-04 20:39:32,117 - Knowledge - INFO - [kw5] Queue=86, InProgress=0, PendingWorkers=20/20, Completed=193/366 (52.7%)
2026-02-04 20:39:32,263 - Knowledge - INFO - done ingest for /app/data/T0015/315188/b2119g2/tr69hostif-315188/src/hostif/profiles/STBService/Components_AudioOutput.h
2026-02-04 20:39:32,384 - Knowledge - INFO - Batch sizing: calculated=4, max_allowed=10, queue=86, active_workers=20/20
2026-02-04 20:39:32,511 - Knowledge - INFO - [LLM_CALL] Completed: Components_VideoDecoder.h:chunk1, Duration: 98906ms, PromptTokens: 2928, CompletionTokens: 628, Cost: $0.00054
2026-02-04 20:39:32,544 - Knowledge - WARNING - Timeout processing /app/data/T0015/315188/b2119g2/tr69hostif-315188/src/hostif/profiles/STBService/Components_VideoOutput.cpp after 90s - using fallback metadata
2026-02-04 20:39:32,747 - Knowledge - INFO - done ingest for /app/data/T0015/315188/b2119g2/tr69hostif-315188/src/hostif/profiles/STBService/Components_VideoDecoder.h
2026-02-04 20:39:32,748 - Knowledge - INFO - Async storing batch of 5 embeddings
2026-02-04 20:39:32,972 - Knowledge - INFO - Processing batch of 5 files
2026-02-04 20:39:32,974 - Knowledge - INFO - [kw17] Queue=82, InProgress=0, PendingWorkers=20/20, Completed=198/366 (54.1%)
2026-02-04 20:39:33,145 - Knowledge - INFO - Worker kw5 processing /app/data/T0015/315188/b2119g2/tr69hostif-315188/src/hostif/profiles/wifi/Device_WiFi_EndPoint.cpp
2026-02-04 20:39:33,271 - Knowledge - INFO - process ingested knowledge for /app/data/T0015/315188/b2119g2/tr69hostif-315188/src/hostif/profiles/STBService/Components_XrdkEMMC.h
2026-02-04 20:39:33,419 - Knowledge - INFO - Batch sizing: calculated=4, max_allowed=10, queue=82, active_workers=20/20
2026-02-04 20:39:33,450 - Knowledge - WARNING - Timeout processing /app/data/T0015/315188/b2119g2/tr69hostif-315188/src/hostif/profiles/STBService/Components_HDMI.cpp after 90s - using fallback metadata
2026-02-04 20:39:33,501 - Knowledge - INFO - Worker kw5 processing /app/data/T0015/315188/b2119g2/tr69hostif-315188/src/hostif/profiles/wifi/Device_WiFi_AccessPoint.h
2026-02-04 20:39:33,612 - Knowledge - INFO - process ingested knowledge for /app/data/T0015/315188/b2119g2/tr69hostif-315188/src/hostif/profiles/STBService/Components_AudioOutput.h
2026-02-04 20:39:33,686 - Knowledge - INFO - Async storing batch of 5 embeddings
2026-02-04 20:39:33,783 - Knowledge - WARNING - Timeout processing /app/data/T0015/315188/b2119g2/tr69hostif-315188/src/hostif/profiles/STBService/Components_SPDIF.cpp after 90s - using fallback metadata
2026-02-04 20:39:33,835 - Knowledge - WARNING - Timeout processing /app/data/T0015/315188/b2119g2/tr69hostif-315188/src/hostif/profiles/DeviceInfo/Device_DeviceInfo.h after 90s - using fallback metadata
2026-02-04 20:39:33,889 - Knowledge - INFO - Worker kw5 processing /app/data/T0015/315188/b2119g2/tr69hostif-315188/src/hostif/profiles/wifi/Device_WiFi_SSID_Stats.cpp
2026-02-04 20:39:33,978 - Knowledge - INFO - process ingested knowledge for /app/data/T0015/315188/b2119g2/tr69hostif-315188/src/hostif/profiles/STBService/Components_VideoOutput.cpp
2026-02-04 20:39:34,089 - Knowledge - INFO - Worker kw17 processing /app/data/T0015/315188/b2119g2/tr69hostif-315188/src/hostif/handlers/src/hostIf_EthernetClient_ReqHandler.cpp
2026-02-04 20:39:34,194 - Knowledge - WARNING - Timeout processing /app/data/T0015/315188/b2119g2/tr69hostif-315188/src/hostif/profiles/STBService/Components_DisplayDevice.cpp after 90s - using fallback metadata
2026-02-04 20:39:34,488 - Knowledge - INFO - Processing batch of 5 files
2026-02-04 20:39:34,547 - Knowledge - INFO - Worker kw5 processing /app/data/T0015/315188/b2119g2/tr69hostif-315188/src/hostif/handlers/src/hostIf_TimeClient_ReqHandler.cpp
2026-02-04 20:39:34,627 - Knowledge - INFO - process ingested knowledge for /app/data/T0015/315188/b2119g2/tr69hostif-315188/src/hostif/profiles/STBService/Components_DisplayDevice.h
2026-02-04 20:39:34,742 - Knowledge - INFO - Worker kw17 processing /app/data/T0015/315188/b2119g2/tr69hostif-315188/src/hostif/handlers/src/hostIf_XREClient_ReqHandler.cpp
2026-02-04 20:39:34,900 - Knowledge - INFO - Processing batch of 5 files
2026-02-04 20:39:34,924 - Knowledge - INFO - process ingested knowledge for /app/data/T0015/315188/b2119g2/tr69hostif-315188/src/hostif/profiles/DeviceInfo/Device_DeviceInfo.h
2026-02-04 20:39:35,130 - Knowledge - INFO - process ingested knowledge for /app/data/T0015/315188/b2119g2/tr69hostif-315188/src/hostif/profiles/STBService/Components_SPDIF.h
2026-02-04 20:39:35,186 - Knowledge - INFO - Split /app/data/T0015/315188/b2119g2/tr69hostif-315188/src/hostif/profiles/IP/Device_IP_Interface_IPv6Address.cpp (68923 bytes) into 3 chunks of ~32KB
2026-02-04 20:39:35,212 - Knowledge - INFO - Worker kw17 processing /app/data/T0015/315188/b2119g2/tr69hostif-315188/src/hostif/handlers/src/hostIf_InterfaceStackClient_ReqHandler.cpp
2026-02-04 20:39:35,289 - Knowledge - INFO - process ingested knowledge for /app/data/T0015/315188/b2119g2/tr69hostif-315188/src/hostif/profiles/STBService/Capabilities.h
2026-02-04 20:39:35,400 - Knowledge - INFO - process ingested knowledge for /app/data/T0015/315188/b2119g2/tr69hostif-315188/src/hostif/profiles/DeviceInfo/XrdkCentralComBSStore.h
2026-02-04 20:39:35,687 - Knowledge - INFO - Worker kw17 processing /app/data/T0015/315188/b2119g2/tr69hostif-315188/src/hostif/handlers/src/hostIf_StorageService_ReqHandler.cpp
2026-02-04 20:39:35,821 - Knowledge - INFO - process ingested knowledge for /app/data/T0015/315188/b2119g2/tr69hostif-315188/src/hostif/profiles/STBService/Components_VideoDecoder.h
2026-02-04 20:39:35,853 - Knowledge - INFO - process ingested knowledge for /app/data/T0015/315188/b2119g2/tr69hostif-315188/src/hostif/profiles/DeviceInfo/XrdkBlueTooth.h
2026-02-04 20:39:36,056 - Knowledge - INFO - process ingested knowledge for /app/data/T0015/315188/b2119g2/tr69hostif-315188/src/hostif/profiles/STBService/Components_HDMI.cpp
2026-02-04 20:39:36,102 - Knowledge - INFO - [WEBSOCKET] Sent: Type=progress_update, Size: 293, Duration: 0ms
2026-02-04 20:39:36,109 - Knowledge - INFO - process ingested knowledge for /app/data/T0015/315188/b2119g2/tr69hostif-315188/src/hostif/profiles/DeviceInfo/XrdkCentralComRFC.cpp
2026-02-04 20:39:36,231 - Knowledge - INFO - process ingested knowledge for /app/data/T0015/315188/b2119g2/tr69hostif-315188/src/hostif/profiles/STBService/Components_SPDIF.cpp
2026-02-04 20:39:36,348 - Knowledge - INFO - [WEBSOCKET] Sent: Type=unknown, Size: ?, Duration: 246ms
2026-02-04 20:39:36,495 - Knowledge - INFO - process ingested knowledge for /app/data/T0015/315188/b2119g2/tr69hostif-315188/src/hostif/profiles/DeviceInfo/Device_DeviceInfo_ProcessStatus.h
2026-02-04 20:39:36,576 - Knowledge - INFO - process ingested knowledge for /app/data/T0015/315188/b2119g2/tr69hostif-315188/src/hostif/profiles/STBService/Components_DisplayDevice.cpp
2026-02-04 20:39:36,686 - Knowledge - INFO - Progress: 56.8% | Files: 208/366 | Rate: 1.05 files/sec | Queue: 78
2026-02-04 20:39:37,037 - Knowledge - INFO - [kw19] Queue=78, InProgress=0, PendingWorkers=20/20, Completed=208/366 (56.8%)
2026-02-04 20:39:37,207 - Knowledge - INFO - Batch sizing: calculated=4, max_allowed=10, queue=78, active_workers=20/20
2026-02-04 20:39:37,596 - Knowledge - INFO - Async storing batch of 5 embeddings
2026-02-04 20:39:37,669 - Knowledge - INFO - [kw20] Queue=74, InProgress=0, PendingWorkers=20/20, Completed=208/366 (56.8%)
2026-02-04 20:39:37,693 - Knowledge - INFO - [kw18] Queue=74, InProgress=0, PendingWorkers=20/20, Completed=208/366 (56.8%)
2026-02-04 20:39:37,765 - Knowledge - INFO - Worker kw19 processing /app/data/T0015/315188/b2119g2/tr69hostif-315188/src/hostif/handlers/src/hostIf_dsClient_ReqHandler.cpp
2026-02-04 20:39:37,886 - Knowledge - INFO - Batch sizing: calculated=4, max_allowed=10, queue=74, active_workers=20/20
2026-02-04 20:39:37,995 - Knowledge - INFO - Batch sizing: calculated=4, max_allowed=10, queue=74, active_workers=20/20
2026-02-04 20:39:38,077 - Knowledge - INFO - Worker kw19 processing /app/data/T0015/315188/b2119g2/tr69hostif-315188/src/hostif/handlers/src/hostIf_NotificationHandler.cpp
2026-02-04 20:39:38,198 - Knowledge - INFO - Async storing batch of 5 embeddings
2026-02-04 20:39:38,285 - Knowledge - INFO - Async storing batch of 5 embeddings
2026-02-04 20:39:38,402 - Knowledge - INFO - Worker kw19 processing /app/data/T0015/315188/b2119g2/tr69hostif-315188/src/hostif/handlers/src/hostIf_msgHandler.cpp
2026-02-04 20:39:38,472 - Knowledge - INFO - Worker kw20 processing /app/data/T0015/315188/b2119g2/tr69hostif-315188/src/hostif/handlers/src/hostIf_XrdkCentralT2_ReqHandler.cpp
2026-02-04 20:39:38,496 - Knowledge - INFO - Async storage completed for 6 embeddings
2026-02-04 20:39:38,555 - Knowledge - INFO - Worker kw18 processing /app/data/T0015/315188/b2119g2/tr69hostif-315188/src/hostif/handlers/src/hostIf_MoCAClient_ReqHandler.cpp
2026-02-04 20:39:38,642 - Knowledge - INFO - Worker kw19 processing /app/data/T0015/315188/b2119g2/tr69hostif-315188/src/hostif/handlers/src/hostIf_IPClient_ReqHandler.cpp
2026-02-04 20:39:38,720 - Knowledge - INFO - Worker kw20 processing /app/data/T0015/315188/b2119g2/tr69hostif-315188/src/hostif/handlers/src/hostIf_DHCPv4Client_ReqHandler.cpp
2026-02-04 20:39:38,886 - Knowledge - WARNING - Timeout processing /app/data/T0015/315188/b2119g2/tr69hostif-315188/src/hostif/profiles/STBService/Components_VideoDecoder.cpp after 90s - using fallback metadata
2026-02-04 20:39:38,960 - Knowledge - INFO - Worker kw18 processing /app/data/T0015/315188/b2119g2/tr69hostif-315188/src/hostif/handlers/src/hostIf_WiFi_ReqHandler.cpp
2026-02-04 20:39:39,220 - Knowledge - INFO - Worker kw20 processing /app/data/T0015/315188/b2119g2/tr69hostif-315188/src/hostif/handlers/src/hostIf_updateHandler.cpp
2026-02-04 20:39:39,360 - Knowledge - WARNING - Timeout processing /app/data/T0015/315188/b2119g2/tr69hostif-315188/src/hostif/profiles/STBService/Components_XrdkEMMC.cpp after 90s - using fallback metadata
2026-02-04 20:39:39,802 - Knowledge - INFO - Worker kw18 processing /app/data/T0015/315188/b2119g2/tr69hostif-315188/src/hostif/handlers/src/hostIf_jsonReqHandlerThread.cpp
2026-02-04 20:39:39,812 - Knowledge - INFO - Worker kw20 processing /app/data/T0015/315188/b2119g2/tr69hostif-315188/src/hostif/handlers/src/hostIf_DeviceClient_ReqHandler.cpp
2026-02-04 20:39:39,895 - Knowledge - WARNING - Timeout processing /app/data/T0015/315188/b2119g2/tr69hostif-315188/src/hostif/profiles/STBService/Components_AudioOutput.cpp after 90s - using fallback metadata
2026-02-04 20:39:40,085 - Knowledge - INFO - Worker kw18 processing /app/data/T0015/315188/b2119g2/tr69hostif-315188/src/hostif/handlers/src/x_rdk_req_handler.cpp
2026-02-04 20:39:40,342 - Knowledge - WARNING - Timeout processing /app/data/T0015/315188/b2119g2/tr69hostif-315188/src/hostif/profiles/STBService/Components_XrdkSDCard.h after 90s - using fallback metadata
2026-02-04 20:39:40,392 - Knowledge - INFO - [LLM_CALL] Completed: Device_IP_Diagnostics_UDPEchoConfig.h:chunk1, Duration: 70256ms, PromptTokens: 3916, CompletionTokens: 352, Cost: $0.00053
2026-02-04 20:39:40,439 - Knowledge - INFO - Split /app/data/T0015/315188/b2119g2/tr69hostif-315188/src/hostif/handlers/src/hostIf_MoCAClient_ReqHandler.cpp (83497 bytes) into 3 chunks of ~32KB
2026-02-04 20:39:40,525 - Knowledge - WARNING - Timeout processing /app/data/T0015/315188/b2119g2/tr69hostif-315188/src/hostif/profiles/STBService/Components_HDMI.h after 90s - using fallback metadata
2026-02-04 20:39:40,610 - Knowledge - INFO - done ingest for /app/data/T0015/315188/b2119g2/tr69hostif-315188/src/hostif/profiles/IP/Device_IP_Diagnostics_UDPEchoConfig.h
2026-02-04 20:39:40,823 - Knowledge - INFO - Processing batch of 5 files
2026-02-04 20:39:41,101 - Knowledge - INFO - process ingested knowledge for /app/data/T0015/315188/b2119g2/tr69hostif-315188/src/hostif/profiles/STBService/Components_XrdkEMMC.cpp
2026-02-04 20:39:41,214 - Knowledge - WARNING - Timeout processing /app/data/T0015/315188/b2119g2/tr69hostif-315188/src/hostif/profiles/IP/Device_IP_Diagnostics_TraceRoute.h after 90s - using fallback metadata
2026-02-04 20:39:41,312 - Knowledge - INFO - process ingested knowledge for /app/data/T0015/315188/b2119g2/tr69hostif-315188/src/hostif/profiles/STBService/Components_AudioOutput.cpp
2026-02-04 20:39:41,414 - Knowledge - WARNING - Timeout processing /app/data/T0015/315188/b2119g2/tr69hostif-315188/src/hostif/profiles/IP/Device_IP_Diagnostics_TraceRoute_RouteHops.h after 90s - using fallback metadata
2026-02-04 20:39:41,508 - Knowledge - INFO - process ingested knowledge for /app/data/T0015/315188/b2119g2/tr69hostif-315188/src/hostif/profiles/STBService/Components_XrdkSDCard.h
2026-02-04 20:39:41,617 - Knowledge - WARNING - Timeout processing /app/data/T0015/315188/b2119g2/tr69hostif-315188/src/hostif/profiles/IP/Device_IP_Interface_IPv4Address.h after 90s - using fallback metadata
2026-02-04 20:39:41,693 - Knowledge - INFO - process ingested knowledge for /app/data/T0015/315188/b2119g2/tr69hostif-315188/src/hostif/profiles/STBService/Components_HDMI.h
2026-02-04 20:39:41,850 - Knowledge - INFO - Processing batch of 5 files
2026-02-04 20:39:41,892 - Knowledge - INFO - process ingested knowledge for /app/data/T0015/315188/b2119g2/tr69hostif-315188/src/hostif/profiles/STBService/Components_VideoDecoder.cpp
2026-02-04 20:39:42,020 - Knowledge - INFO - process ingested knowledge for /app/data/T0015/315188/b2119g2/tr69hostif-315188/src/hostif/profiles/IP/Device_IP_Diagnostics_TraceRoute.h
2026-02-04 20:39:42,290 - Knowledge - INFO - process ingested knowledge for /app/data/T0015/315188/b2119g2/tr69hostif-315188/src/hostif/profiles/IP/Device_IP_Diagnostics_UDPEchoConfig.h
2026-02-04 20:39:42,480 - Knowledge - INFO - process ingested knowledge for /app/data/T0015/315188/b2119g2/tr69hostif-315188/src/hostif/profiles/IP/Device_IP_Diagnostics_TraceRoute_RouteHops.h
2026-02-04 20:39:42,617 - Knowledge - INFO - [WEBSOCKET] Sent: Type=progress_update, Size: 293, Duration: 0ms
2026-02-04 20:39:42,649 - Knowledge - INFO - process ingested knowledge for /app/data/T0015/315188/b2119g2/tr69hostif-315188/src/hostif/profiles/IP/Device_IP_Interface_IPv4Address.h
2026-02-04 20:39:42,680 - Knowledge - INFO - Async storage completed for 6 embeddings
2026-02-04 20:39:42,849 - Knowledge - INFO - [WEBSOCKET] Sent: Type=unknown, Size: ?, Duration: 232ms
2026-02-04 20:39:42,971 - Knowledge - INFO - process ingested knowledge for /app/data/T0015/315188/b2119g2/tr69hostif-315188/src/hostif/profiles/IP/Device_IP_Diagnostics_IPPing.cpp
2026-02-04 20:39:43,087 - Knowledge - WARNING - Timeout processing /app/data/T0015/315188/b2119g2/tr69hostif-315188/src/hostif/profiles/StorageService/Service_Storage.h after 90s - using fallback metadata
2026-02-04 20:39:43,153 - Knowledge - INFO - Progress: 59.6% | Files: 218/366 | Rate: 1.07 files/sec | Queue: 66
2026-02-04 20:39:43,347 - Knowledge - WARNING - Timeout processing /app/data/T0015/315188/b2119g2/tr69hostif-315188/src/hostif/profiles/STBService/Components_VideoOutput.h after 90s - using fallback metadata
2026-02-04 20:39:43,427 - Knowledge - INFO - [kw1] Queue=66, InProgress=0, PendingWorkers=20/20, Completed=218/366 (59.6%)
2026-02-04 20:39:43,568 - Knowledge - WARNING - Timeout processing /app/data/T0015/315188/b2119g2/tr69hostif-315188/src/hostif/profiles/STBService/Capabilities.cpp after 90s - using fallback metadata
2026-02-04 20:39:43,642 - Knowledge - INFO - Batch sizing: calculated=4, max_allowed=10, queue=66, active_workers=20/20
2026-02-04 20:39:43,754 - Knowledge - WARNING - Timeout processing /app/data/T0015/315188/b2119g2/tr69hostif-315188/src/hostif/profiles/StorageService/Service_Storage_PhyMedium.h after 90s - using fallback metadata
2026-02-04 20:39:43,757 - Knowledge - INFO - [kw7] Queue=66, InProgress=0, PendingWorkers=20/20, Completed=218/366 (59.6%)
2026-02-04 20:39:43,832 - Knowledge - INFO - Async storing batch of 5 embeddings
2026-02-04 20:39:43,949 - Knowledge - WARNING - Timeout processing /app/data/T0015/315188/b2119g2/tr69hostif-315188/src/hostif/profiles/StorageService/Service_Storage.cpp after 90s - using fallback metadata
2026-02-04 20:39:44,024 - Knowledge - INFO - Batch sizing: calculated=4, max_allowed=10, queue=66, active_workers=20/20
2026-02-04 20:39:44,124 - Knowledge - INFO - Worker kw1 processing /app/data/T0015/315188/b2119g2/tr69hostif-315188/src/hostif/handlers/src/hostIf_IARM_ReqHandler.cpp
2026-02-04 20:39:44,298 - Knowledge - INFO - Processing batch of 5 files
2026-02-04 20:39:44,351 - Knowledge - INFO - Async storing batch of 5 embeddings
2026-02-04 20:39:44,470 - Knowledge - INFO - Worker kw1 processing /app/data/T0015/315188/b2119g2/tr69hostif-315188/src/hostif/handlers/src/gtest/handlers_test.cpp
2026-02-04 20:39:44,558 - Knowledge - INFO - process ingested knowledge for /app/data/T0015/315188/b2119g2/tr69hostif-315188/src/hostif/profiles/STBService/Components_VideoOutput.h
2026-02-04 20:39:44,649 - Knowledge - INFO - Worker kw7 processing /app/data/T0015/315188/b2119g2/tr69hostif-315188/src/hostif/handlers/src/hostIf_sysScriptHandler.cpp
2026-02-04 20:39:44,732 - Knowledge - INFO - Worker kw1 processing /app/data/T0015/315188/b2119g2/tr69hostif-315188/src/hostif/handlers/src/hostIf_rbus_Dml_Provider.cpp
2026-02-04 20:39:44,834 - Knowledge - INFO - process ingested knowledge for /app/data/T0015/315188/b2119g2/tr69hostif-315188/src/hostif/profiles/STBService/Capabilities.cpp
2026-02-04 20:39:44,954 - Knowledge - INFO - Async storage completed for 6 embeddings
2026-02-04 20:39:44,956 - Knowledge - INFO - Fast-tracked /app/data/T0015/315188/b2119g2/tr69hostif-315188/src/hostif/handlers/src/hostIf_sysScriptHandler.cpp (ext=.cpp, size=1005)
2026-02-04 20:39:45,057 - Knowledge - INFO - Worker kw1 processing /app/data/T0015/315188/b2119g2/tr69hostif-315188/src/hostif/handlers/src/hostIf_SNMPClient_ReqHandler.cpp
2026-02-04 20:39:45,137 - Knowledge - INFO - process ingested knowledge for /app/data/T0015/315188/b2119g2/tr69hostif-315188/src/hostif/profiles/StorageService/Service_Storage_PhyMedium.h
2026-02-04 20:39:45,267 - Knowledge - WARNING - Timeout processing /app/data/T0015/315188/b2119g2/tr69hostif-315188/src/hostif/profiles/IP/Device_IP_Interface_Stats.h after 90s - using fallback metadata
2026-02-04 20:39:45,359 - Knowledge - INFO - Worker kw7 processing /app/data/T0015/315188/b2119g2/tr69hostif-315188/src/hostif/handlers/include/hostIf_SNMPClient_ReqHandler.h
2026-02-04 20:39:45,522 - Knowledge - INFO - process ingested knowledge for /app/data/T0015/315188/b2119g2/tr69hostif-315188/src/hostif/profiles/StorageService/Service_Storage.cpp
2026-02-04 20:39:45,603 - Knowledge - WARNING - Timeout processing /app/data/T0015/315188/b2119g2/tr69hostif-315188/src/hostif/profiles/StorageService/Service_Storage_PhyMedium.cpp after 90s - using fallback metadata
2026-02-04 20:39:45,729 - Knowledge - INFO - Worker kw7 processing /app/data/T0015/315188/b2119g2/tr69hostif-315188/src/hostif/handlers/include/hostIf_rbus_Dml_Provider.h
2026-02-04 20:39:45,835 - Knowledge - INFO - process ingested knowledge for /app/data/T0015/315188/b2119g2/tr69hostif-315188/src/hostif/profiles/StorageService/Service_Storage.h
2026-02-04 20:39:45,926 - Knowledge - WARNING - Timeout processing /app/data/T0015/315188/b2119g2/tr69hostif-315188/src/hostif/profiles/IP/Device_IP_Diagnostics_SpeedTest.cpp after 90s - using fallback metadata
2026-02-04 20:39:46,043 - Knowledge - INFO - Worker kw7 processing /app/data/T0015/315188/b2119g2/tr69hostif-315188/src/hostif/handlers/include/x_rdk_req_handler.h
2026-02-04 20:39:46,216 - Knowledge - WARNING - Timeout processing /app/data/T0015/315188/b2119g2/tr69hostif-315188/src/hostif/profiles/IP/Device_IP_Interface_IPv6Address.h after 90s - using fallback metadata
2026-02-04 20:39:46,322 - Knowledge - INFO - Fast-tracked /app/data/T0015/315188/b2119g2/tr69hostif-315188/src/hostif/handlers/include/hostIf_SNMPClient_ReqHandler.h (small file (3025 bytes))
2026-02-04 20:39:46,401 - Knowledge - WARNING - Timeout processing /app/data/T0015/315188/b2119g2/tr69hostif-315188/src/hostif/profiles/IP/Device_IP_Diagnostics_DownloadDiagnostics.h after 90s - using fallback metadata
2026-02-04 20:39:46,524 - Knowledge - INFO - Fast-tracked /app/data/T0015/315188/b2119g2/tr69hostif-315188/src/hostif/handlers/include/hostIf_rbus_Dml_Provider.h (small file (2094 bytes))
2026-02-04 20:39:46,620 - Knowledge - INFO - [kw2] Queue=58, InProgress=0, PendingWorkers=20/20, Completed=223/366 (60.9%)
2026-02-04 20:39:46,719 - Knowledge - INFO - Processing batch of 5 files
2026-02-04 20:39:46,760 - Knowledge - INFO - Fast-tracked /app/data/T0015/315188/b2119g2/tr69hostif-315188/src/hostif/handlers/include/x_rdk_req_handler.h (small file (2330 bytes))
2026-02-04 20:39:46,846 - Knowledge - INFO - Batch sizing: calculated=4, max_allowed=10, queue=58, active_workers=20/20
2026-02-04 20:39:46,940 - Knowledge - INFO - process ingested knowledge for /app/data/T0015/315188/b2119g2/tr69hostif-315188/src/hostif/profiles/StorageService/Service_Storage_PhyMedium.cpp
2026-02-04 20:39:47,045 - Knowledge - INFO - Async storage completed for 5 embeddings
2026-02-04 20:39:47,117 - Knowledge - INFO - Async storing batch of 5 embeddings
2026-02-04 20:39:47,209 - Knowledge - INFO - process ingested knowledge for /app/data/T0015/315188/b2119g2/tr69hostif-315188/src/hostif/profiles/IP/Device_IP_Diagnostics_SpeedTest.cpp
2026-02-04 20:39:47,345 - Knowledge - INFO - Processing batch of 4 files
2026-02-04 20:39:47,401 - Knowledge - INFO - Worker kw2 processing /app/data/T0015/315188/b2119g2/tr69hostif-315188/src/hostif/handlers/include/hostIf_jsonReqHandler.h
2026-02-04 20:39:47,515 - Knowledge - INFO - process ingested knowledge for /app/data/T0015/315188/b2119g2/tr69hostif-315188/src/hostif/profiles/IP/Device_IP_Interface_IPv6Address.h
2026-02-04 20:39:47,588 - Knowledge - INFO - process ingested knowledge for /app/data/T0015/315188/b2119g2/tr69hostif-315188/src/hostif/handlers/src/hostIf_sysScriptHandler.cpp
2026-02-04 20:39:47,684 - Knowledge - INFO - Worker kw2 processing /app/data/T0015/315188/b2119g2/tr69hostif-315188/src/hostif/handlers/include/hostIf_StorageSrvc_ReqHandler.h
2026-02-04 20:39:47,788 - Knowledge - INFO - process ingested knowledge for /app/data/T0015/315188/b2119g2/tr69hostif-315188/src/hostif/profiles/IP/Device_IP_Diagnostics_DownloadDiagnostics.h
2026-02-04 20:39:47,923 - Knowledge - INFO - process ingested knowledge for /app/data/T0015/315188/b2119g2/tr69hostif-315188/src/hostif/handlers/include/hostIf_SNMPClient_ReqHandler.h
2026-02-04 20:39:48,000 - Knowledge - INFO - Worker kw2 processing /app/data/T0015/315188/b2119g2/tr69hostif-315188/src/hostif/handlers/include/hostIf_MoCAClient_ReqHandler.h
2026-02-04 20:39:48,087 - Knowledge - INFO - process ingested knowledge for /app/data/T0015/315188/b2119g2/tr69hostif-315188/src/hostif/profiles/IP/Device_IP_Interface_Stats.h
2026-02-04 20:39:48,174 - Knowledge - INFO - process ingested knowledge for /app/data/T0015/315188/b2119g2/tr69hostif-315188/src/hostif/handlers/include/hostIf_rbus_Dml_Provider.h
2026-02-04 20:39:48,253 - Knowledge - INFO - Worker kw2 processing /app/data/T0015/315188/b2119g2/tr69hostif-315188/src/hostif/handlers/include/hostIf_DeviceClient_ReqHandler.h
2026-02-04 20:39:48,501 - Knowledge - INFO - process ingested knowledge for /app/data/T0015/315188/b2119g2/tr69hostif-315188/src/hostif/handlers/include/x_rdk_req_handler.h
2026-02-04 20:39:48,847 - Knowledge - INFO - [WEBSOCKET] Sent: Type=progress_update, Size: 293, Duration: 0ms
2026-02-04 20:39:49,015 - Knowledge - INFO - [WEBSOCKET] Sent: Type=unknown, Size: ?, Duration: 168ms
2026-02-04 20:39:49,187 - Knowledge - INFO - Progress: 63.4% | Files: 232/366 | Rate: 1.10 files/sec | Queue: 54
2026-02-04 20:39:49,188 - Knowledge - INFO - [kw7] Queue=54, InProgress=0, PendingWorkers=20/20, Completed=232/366 (63.4%)
2026-02-04 20:39:49,354 - Knowledge - INFO - [kw14] Queue=54, InProgress=0, PendingWorkers=20/20, Completed=232/366 (63.4%)
2026-02-04 20:39:49,461 - Knowledge - INFO - Batch sizing: calculated=4, max_allowed=10, queue=54, active_workers=20/20
2026-02-04 20:39:49,542 - Knowledge - INFO - Async storage completed for 6 embeddings
2026-02-04 20:39:49,604 - Knowledge - INFO - Batch sizing: calculated=4, max_allowed=10, queue=54, active_workers=20/20
2026-02-04 20:39:49,676 - Knowledge - INFO - Async storing batch of 4 embeddings
2026-02-04 20:39:49,929 - Knowledge - INFO - Async storing batch of 5 embeddings
2026-02-04 20:39:50,014 - Knowledge - INFO - Worker kw7 processing /app/data/T0015/315188/b2119g2/tr69hostif-315188/src/hostif/handlers/include/hostIf_WiFi_ReqHandler.h
2026-02-04 20:39:50,159 - Knowledge - INFO - Worker kw14 processing /app/data/T0015/315188/b2119g2/tr69hostif-315188/src/hostif/handlers/include/hostIf_InterfaceStackClient_ReqHandler.h
2026-02-04 20:39:50,253 - Knowledge - INFO - Worker kw7 processing /app/data/T0015/315188/b2119g2/tr69hostif-315188/src/hostif/handlers/include/hostIf_EthernetClient_ReqHandler.h
2026-02-04 20:39:50,373 - Knowledge - INFO - Worker kw14 processing /app/data/T0015/315188/b2119g2/tr69hostif-315188/src/hostif/handlers/include/hostIf_dsClient_ReqHandler.h
2026-02-04 20:39:50,468 - Knowledge - INFO - Worker kw7 processing /app/data/T0015/315188/b2119g2/tr69hostif-315188/src/hostif/handlers/include/hostIf_TimeClient_ReqHandler.h
2026-02-04 20:39:50,578 - Knowledge - INFO - Worker kw14 processing /app/data/T0015/315188/b2119g2/tr69hostif-315188/src/hostif/handlers/include/hostIf_updateHandler.h
2026-02-04 20:39:50,679 - Knowledge - INFO - Worker kw7 processing /app/data/T0015/315188/b2119g2/tr69hostif-315188/src/hostif/handlers/include/hostIf_XREClient_ReqHandler.h
2026-02-04 20:39:50,790 - Knowledge - INFO - Fast-tracked /app/data/T0015/315188/b2119g2/tr69hostif-315188/src/hostif/handlers/include/hostIf_updateHandler.h (ext=.h, size=1682)
2026-02-04 20:39:50,881 - Knowledge - INFO - Fast-tracked /app/data/T0015/315188/b2119g2/tr69hostif-315188/src/hostif/handlers/include/hostIf_WiFi_ReqHandler.h (small file (2696 bytes))
2026-02-04 20:39:50,967 - Knowledge - INFO - Worker kw14 processing /app/data/T0015/315188/b2119g2/tr69hostif-315188/src/hostif/handlers/include/hostIf_NotificationHandler.h
2026-02-04 20:39:51,044 - Knowledge - INFO - Fast-tracked /app/data/T0015/315188/b2119g2/tr69hostif-315188/src/hostif/handlers/include/hostIf_EthernetClient_ReqHandler.h (small file (2495 bytes))
2026-02-04 20:39:51,204 - Knowledge - INFO - Fast-tracked /app/data/T0015/315188/b2119g2/tr69hostif-315188/src/hostif/handlers/include/hostIf_NotificationHandler.h (ext=.h, size=1933)
2026-02-04 20:39:51,291 - Knowledge - INFO - Fast-tracked /app/data/T0015/315188/b2119g2/tr69hostif-315188/src/hostif/handlers/include/hostIf_TimeClient_ReqHandler.h (small file (2390 bytes))
2026-02-04 20:39:51,365 - Knowledge - INFO - Fast-tracked /app/data/T0015/315188/b2119g2/tr69hostif-315188/src/hostif/handlers/include/hostIf_InterfaceStackClient_ReqHandler.h (small file (2847 bytes))
2026-02-04 20:39:51,500 - Knowledge - INFO - Fast-tracked /app/data/T0015/315188/b2119g2/tr69hostif-315188/src/hostif/handlers/include/hostIf_XREClient_ReqHandler.h (small file (2945 bytes))
2026-02-04 20:39:51,604 - Knowledge - INFO - Fast-tracked /app/data/T0015/315188/b2119g2/tr69hostif-315188/src/hostif/handlers/include/hostIf_dsClient_ReqHandler.h (small file (2463 bytes))
2026-02-04 20:39:51,750 - Knowledge - INFO - Async storage completed for 4 embeddings
2026-02-04 20:39:51,837 - Knowledge - INFO - Async storage completed for 5 embeddings
2026-02-04 20:39:52,193 - Knowledge - INFO - Processing batch of 4 files
2026-02-04 20:39:52,208 - Knowledge - INFO - Processing batch of 4 files
2026-02-04 20:39:52,372 - Knowledge - INFO - process ingested knowledge for /app/data/T0015/315188/b2119g2/tr69hostif-315188/src/hostif/handlers/include/hostIf_WiFi_ReqHandler.h
2026-02-04 20:39:52,495 - Knowledge - INFO - process ingested knowledge for /app/data/T0015/315188/b2119g2/tr69hostif-315188/src/hostif/handlers/include/hostIf_InterfaceStackClient_ReqHandler.h
2026-02-04 20:39:52,568 - Knowledge - INFO - process ingested knowledge for /app/data/T0015/315188/b2119g2/tr69hostif-315188/src/hostif/handlers/include/hostIf_EthernetClient_ReqHandler.h
2026-02-04 20:39:52,659 - Knowledge - INFO - process ingested knowledge for /app/data/T0015/315188/b2119g2/tr69hostif-315188/src/hostif/handlers/include/hostIf_dsClient_ReqHandler.h
2026-02-04 20:39:52,814 - Knowledge - INFO - process ingested knowledge for /app/data/T0015/315188/b2119g2/tr69hostif-315188/src/hostif/handlers/include/hostIf_TimeClient_ReqHandler.h
2026-02-04 20:39:52,838 - Knowledge - INFO - Async storage completed for 6 embeddings
2026-02-04 20:39:52,932 - Knowledge - INFO - process ingested knowledge for /app/data/T0015/315188/b2119g2/tr69hostif-315188/src/hostif/handlers/include/hostIf_updateHandler.h
2026-02-04 20:39:53,010 - Knowledge - INFO - process ingested knowledge for /app/data/T0015/315188/b2119g2/tr69hostif-315188/src/hostif/handlers/include/hostIf_XREClient_ReqHandler.h
2026-02-04 20:39:53,124 - Knowledge - WARNING - Timeout processing /app/data/T0015/315188/b2119g2/tr69hostif-315188/src/hostif/profiles/IP/Device_IP_ActivePort.cpp after 90s - using fallback metadata
2026-02-04 20:39:53,236 - Knowledge - INFO - process ingested knowledge for /app/data/T0015/315188/b2119g2/tr69hostif-315188/src/hostif/handlers/include/hostIf_NotificationHandler.h
2026-02-04 20:39:53,414 - Knowledge - WARNING - Timeout processing /app/data/T0015/315188/b2119g2/tr69hostif-315188/src/hostif/profiles/IP/Device_IP.cpp after 90s - using fallback metadata
2026-02-04 20:39:53,586 - Knowledge - WARNING - Timeout processing /app/data/T0015/315188/b2119g2/tr69hostif-315188/src/hostif/profiles/IP/Device_IP_Interface.cpp after 90s - using fallback metadata
2026-02-04 20:39:53,775 - Knowledge - WARNING - Timeout processing /app/data/T0015/315188/b2119g2/tr69hostif-315188/src/hostif/profiles/IP/Device_IP_Interface_IPv6Address.cpp after 90s - using fallback metadata
2026-02-04 20:39:53,846 - Knowledge - INFO - [WEBSOCKET] Sent: Type=progress_update, Size: 292, Duration: 0ms
2026-02-04 20:39:54,160 - Knowledge - INFO - [WEBSOCKET] Sent: Type=unknown, Size: ?, Duration: 314ms
2026-02-04 20:39:54,332 - Knowledge - INFO - Progress: 65.6% | Files: 241/366 | Rate: 1.12 files/sec | Queue: 46
2026-02-04 20:39:54,333 - Knowledge - INFO - [kw14] Queue=46, InProgress=0, PendingWorkers=20/20, Completed=241/366 (65.8%)
2026-02-04 20:39:54,373 - Knowledge - INFO - Processing batch of 5 files
2026-02-04 20:39:54,534 - Knowledge - INFO - [kw7] Queue=46, InProgress=0, PendingWorkers=20/20, Completed=245/366 (66.9%)
2026-02-04 20:39:54,611 - Knowledge - INFO - Batch sizing: calculated=4, max_allowed=10, queue=46, active_workers=20/20
2026-02-04 20:39:54,712 - Knowledge - INFO - process ingested knowledge for /app/data/T0015/315188/b2119g2/tr69hostif-315188/src/hostif/profiles/IP/Device_IP_ActivePort.cpp
2026-02-04 20:39:54,795 - Knowledge - INFO - Batch sizing: calculated=4, max_allowed=10, queue=46, active_workers=20/20
2026-02-04 20:39:54,880 - Knowledge - INFO - Async storing batch of 4 embeddings
2026-02-04 20:39:55,025 - Knowledge - INFO - process ingested knowledge for /app/data/T0015/315188/b2119g2/tr69hostif-315188/src/hostif/profiles/IP/Device_IP.cpp
2026-02-04 20:39:55,095 - Knowledge - INFO - Async storing batch of 4 embeddings
2026-02-04 20:39:55,169 - Knowledge - INFO - Worker kw14 processing /app/data/T0015/315188/b2119g2/tr69hostif-315188/src/hostif/handlers/include/hostIf_msgHandler.h
2026-02-04 20:39:55,242 - Knowledge - INFO - process ingested knowledge for /app/data/T0015/315188/b2119g2/tr69hostif-315188/src/hostif/profiles/IP/Device_IP_Interface.cpp
2026-02-04 20:39:55,353 - Knowledge - INFO - Worker kw7 processing /app/data/T0015/315188/b2119g2/tr69hostif-315188/src/hostif/parodusClient/startParodus/startParodus_spport.cpp
2026-02-04 20:39:55,464 - Knowledge - INFO - Worker kw14 processing /app/data/T0015/315188/b2119g2/tr69hostif-315188/src/hostif/handlers/include/hostIf_IPClient_ReqHandler.h
2026-02-04 20:39:55,538 - Knowledge - INFO - process ingested knowledge for /app/data/T0015/315188/b2119g2/tr69hostif-315188/src/hostif/profiles/IP/Device_IP_Diagnostics_SpeedTest.h
2026-02-04 20:39:55,813 - Knowledge - INFO - Fast-tracked /app/data/T0015/315188/b2119g2/tr69hostif-315188/src/hostif/parodusClient/startParodus/startParodus_spport.cpp (ext=.cpp, size=828)
2026-02-04 20:39:55,935 - Knowledge - INFO - Worker kw14 processing /app/data/T0015/315188/b2119g2/tr69hostif-315188/src/hostif/handlers/include/hostIf_XrdkCentralT2_ReqHandler.h
2026-02-04 20:39:56,049 - Knowledge - INFO - process ingested knowledge for /app/data/T0015/315188/b2119g2/tr69hostif-315188/src/hostif/profiles/IP/Device_IP_Interface_IPv6Address.cpp
2026-02-04 20:39:56,148 - Knowledge - INFO - Worker kw7 processing /app/data/T0015/315188/b2119g2/tr69hostif-315188/src/hostif/parodusClient/startParodus/startParodus.h
2026-02-04 20:39:56,243 - Knowledge - INFO - Worker kw14 processing /app/data/T0015/315188/b2119g2/tr69hostif-315188/src/hostif/handlers/include/hostIf_DHCPv4Client_ReqHandler.h
2026-02-04 20:39:56,451 - Knowledge - INFO - Fast-tracked /app/data/T0015/315188/b2119g2/tr69hostif-315188/src/hostif/parodusClient/startParodus/startParodus.h (ext=.h, size=984)
2026-02-04 20:39:56,667 - Knowledge - INFO - Worker kw7 processing /app/data/T0015/315188/b2119g2/tr69hostif-315188/src/hostif/parodusClient/startParodus/startParodus.cpp
2026-02-04 20:39:56,854 - Knowledge - INFO - Worker kw7 processing /app/data/T0015/315188/b2119g2/tr69hostif-315188/src/hostif/parodusClient/waldb/waldb.h
2026-02-04 20:39:56,863 - Knowledge - INFO - [kw10] Queue=38, InProgress=0, PendingWorkers=20/20, Completed=245/366 (66.9%)
2026-02-04 20:39:57,128 - Knowledge - INFO - Batch sizing: calculated=4, max_allowed=10, queue=38, active_workers=20/20
2026-02-04 20:39:57,301 - Knowledge - INFO - Async storing batch of 5 embeddings
2026-02-04 20:39:57,495 - Knowledge - INFO - Worker kw10 processing /app/data/T0015/315188/b2119g2/tr69hostif-315188/src/hostif/parodusClient/waldb/data-model/data-model-tv.xml
2026-02-04 20:39:58,004 - Knowledge - INFO - Fast-tracked /app/data/T0015/315188/b2119g2/tr69hostif-315188/src/hostif/parodusClient/waldb/data-model/data-model-tv.xml (ext=.xml, size=19967)
2026-02-04 20:39:58,246 - Knowledge - INFO - Worker kw10 processing /app/data/T0015/315188/b2119g2/tr69hostif-315188/src/hostif/parodusClient/waldb/data-model/data-model-generic.xml
2026-02-04 20:39:58,957 - Knowledge - INFO - Fast-tracked /app/data/T0015/315188/b2119g2/tr69hostif-315188/src/hostif/parodusClient/waldb/data-model/data-model-generic.xml (ext=.xml, size=177170)
2026-02-04 20:39:59,666 - Knowledge - INFO - Worker kw10 processing /app/data/T0015/315188/b2119g2/tr69hostif-315188/src/hostif/parodusClient/waldb/data-model/data-model-stb.xml
2026-02-04 20:40:00,343 - Knowledge - INFO - Fast-tracked /app/data/T0015/315188/b2119g2/tr69hostif-315188/src/hostif/parodusClient/waldb/data-model/data-model-stb.xml (ext=.xml, size=19615)
2026-02-04 20:40:00,863 - Knowledge - INFO - Worker kw10 processing /app/data/T0015/315188/b2119g2/tr69hostif-315188/src/hostif/parodusClient/waldb/snmp-data-model.xml
2026-02-04 20:40:01,169 - Knowledge - INFO - Fast-tracked /app/data/T0015/315188/b2119g2/tr69hostif-315188/src/hostif/parodusClient/waldb/snmp-data-model.xml (ext=.xml, size=4519)
2026-02-04 20:40:01,359 - Knowledge - INFO - [LLM_CALL] Completed: Device_DHCPv4_Client.h:chunk1, Duration: 69415ms, PromptTokens: 5240, CompletionTokens: 743, Cost: $0.00082
2026-02-04 20:40:01,391 - Knowledge - INFO - Async storage completed for 5 embeddings
2026-02-04 20:40:01,565 - Knowledge - INFO - done ingest for /app/data/T0015/315188/b2119g2/tr69hostif-315188/src/hostif/profiles/DHCPv4/Device_DHCPv4_Client.h
2026-02-04 20:40:01,707 - Knowledge - INFO - Processing batch of 4 files
2026-02-04 20:40:01,870 - Knowledge - INFO - process ingested knowledge for /app/data/T0015/315188/b2119g2/tr69hostif-315188/src/hostif/parodusClient/waldb/data-model/data-model-tv.xml
2026-02-04 20:40:02,133 - Knowledge - INFO - process ingested knowledge for /app/data/T0015/315188/b2119g2/tr69hostif-315188/src/hostif/parodusClient/waldb/data-model/data-model-generic.xml
2026-02-04 20:40:02,423 - Knowledge - INFO - process ingested knowledge for /app/data/T0015/315188/b2119g2/tr69hostif-315188/src/hostif/parodusClient/waldb/data-model/data-model-stb.xml
2026-02-04 20:40:02,672 - Knowledge - INFO - process ingested knowledge for /app/data/T0015/315188/b2119g2/tr69hostif-315188/src/hostif/parodusClient/waldb/snmp-data-model.xml
2026-02-04 20:40:03,358 - Knowledge - INFO - Async storage completed for 6 embeddings
2026-02-04 20:40:03,746 - Knowledge - WARNING - Timeout processing /app/data/T0015/315188/b2119g2/tr69hostif-315188/src/hostif/profiles/IP/Device_IP_Diagnostics_UploadDiagnostics.h after 90s - using fallback metadata
2026-02-04 20:40:03,895 - Knowledge - INFO - [LLM_CALL] Completed: Device_DHCPv4_Client.cpp:chunk1, Duration: 46054ms, PromptTokens: 9196, CompletionTokens: 862, Cost: $0.00126
2026-02-04 20:40:03,938 - Knowledge - WARNING - Timeout processing /app/data/T0015/315188/b2119g2/tr69hostif-315188/src/hostif/profiles/IP/Device_IP_ActivePort.h after 90s - using fallback metadata
2026-02-04 20:40:04,059 - Knowledge - INFO - done ingest for /app/data/T0015/315188/b2119g2/tr69hostif-315188/src/hostif/profiles/DHCPv4/Device_DHCPv4_Client.cpp
2026-02-04 20:40:04,104 - Knowledge - INFO - [WEBSOCKET] Sent: Type=progress_update, Size: 290, Duration: 0ms
2026-02-04 20:40:04,179 - Knowledge - WARNING - Timeout processing /app/data/T0015/315188/b2119g2/tr69hostif-315188/src/hostif/profiles/IP/Device_IP.h after 90s - using fallback metadata
2026-02-04 20:40:04,308 - Knowledge - WARNING - Timeout processing /app/data/T0015/315188/b2119g2/tr69hostif-315188/src/hostif/profiles/IP/Device_IP_Interface_Stats.cpp after 90s - using fallback metadata
2026-02-04 20:40:04,367 - Knowledge - INFO - [WEBSOCKET] Sent: Type=unknown, Size: ?, Duration: 263ms
2026-02-04 20:40:04,457 - Knowledge - WARNING - Timeout processing /app/data/T0015/315188/b2119g2/tr69hostif-315188/src/hostif/profiles/IP/Device_IP_Interface.h after 90s - using fallback metadata
2026-02-04 20:40:04,578 - Knowledge - WARNING - Timeout processing /app/data/T0015/315188/b2119g2/tr69hostif-315188/src/hostif/profiles/DHCPv4/gtest/gtest_dhcpv4.cpp after 90s - using fallback metadata
2026-02-04 20:40:04,646 - Knowledge - INFO - Progress: 68.0% | Files: 249/366 | Rate: 1.10 files/sec | Queue: 34
2026-02-04 20:40:04,805 - Knowledge - WARNING - Timeout processing /app/data/T0015/315188/b2119g2/tr69hostif-315188/src/hostif/profiles/IP/Device_IP_Interface_IPv4Address.cpp after 90s - using fallback metadata
2026-02-04 20:40:05,004 - Knowledge - INFO - Processing batch of 5 files
2026-02-04 20:40:05,064 - Knowledge - INFO - [kw10] Queue=34, InProgress=0, PendingWorkers=20/20, Completed=254/366 (69.4%)
2026-02-04 20:40:05,188 - Knowledge - INFO - Processing batch of 5 files
2026-02-04 20:40:05,226 - Knowledge - INFO - process ingested knowledge for /app/data/T0015/315188/b2119g2/tr69hostif-315188/src/hostif/profiles/IP/Device_IP_Diagnostics_IPPing.h
2026-02-04 20:40:05,348 - Knowledge - INFO - Batch sizing: calculated=4, max_allowed=10, queue=34, active_workers=20/20
2026-02-04 20:40:05,427 - Knowledge - INFO - process ingested knowledge for /app/data/T0015/315188/b2119g2/tr69hostif-315188/src/hostif/profiles/IP/Device_IP_ActivePort.h
2026-02-04 20:40:05,519 - Knowledge - INFO - process ingested knowledge for /app/data/T0015/315188/b2119g2/tr69hostif-315188/src/hostif/profiles/IP/Device_IP_Interface_Stats.cpp
2026-02-04 20:40:05,609 - Knowledge - INFO - Async storing batch of 4 embeddings
2026-02-04 20:40:05,690 - Knowledge - INFO - process ingested knowledge for /app/data/T0015/315188/b2119g2/tr69hostif-315188/src/hostif/profiles/IP/Device_IP.h
2026-02-04 20:40:05,783 - Knowledge - INFO - process ingested knowledge for /app/data/T0015/315188/b2119g2/tr69hostif-315188/src/hostif/profiles/DHCPv4/Device_DHCPv4_Client.h
2026-02-04 20:40:05,883 - Knowledge - INFO - Worker kw10 processing /app/data/T0015/315188/b2119g2/tr69hostif-315188/src/hostif/parodusClient/waldb/data-model-generic.xml
2026-02-04 20:40:06,008 - Knowledge - INFO - process ingested knowledge for /app/data/T0015/315188/b2119g2/tr69hostif-315188/src/hostif/profiles/IP/Device_IP_Interface.h
2026-02-04 20:40:06,096 - Knowledge - INFO - process ingested knowledge for /app/data/T0015/315188/b2119g2/tr69hostif-315188/src/hostif/profiles/DHCPv4/Device_DHCPv4_Client.cpp
2026-02-04 20:40:06,174 - Knowledge - INFO - Fast-tracked /app/data/T0015/315188/b2119g2/tr69hostif-315188/src/hostif/parodusClient/waldb/data-model-generic.xml (ext=.xml, size=25884)
2026-02-04 20:40:06,246 - Knowledge - INFO - process ingested knowledge for /app/data/T0015/315188/b2119g2/tr69hostif-315188/src/hostif/profiles/IP/Device_IP_Interface_IPv4Address.cpp
2026-02-04 20:40:06,392 - Knowledge - INFO - process ingested knowledge for /app/data/T0015/315188/b2119g2/tr69hostif-315188/src/hostif/profiles/DHCPv4/gtest/gtest_dhcpv4.cpp
2026-02-04 20:40:06,492 - Knowledge - INFO - Worker kw10 processing /app/data/T0015/315188/b2119g2/tr69hostif-315188/src/hostif/parodusClient/waldb/waldb.cpp
2026-02-04 20:40:06,599 - Knowledge - INFO - process ingested knowledge for /app/data/T0015/315188/b2119g2/tr69hostif-315188/src/hostif/profiles/IP/Device_IP_Diagnostics_UploadDiagnostics.h
2026-02-04 20:40:06,797 - Knowledge - INFO - Worker kw10 processing /app/data/T0015/315188/b2119g2/tr69hostif-315188/src/hostif/parodusClient/conf/webpa_cfg.json
2026-02-04 20:40:07,022 - Knowledge - INFO - Fast-tracked /app/data/T0015/315188/b2119g2/tr69hostif-315188/src/hostif/parodusClient/conf/webpa_cfg.json (ext=.json, size=288)
2026-02-04 20:40:07,223 - Knowledge - INFO - Worker kw10 processing /app/data/T0015/315188/b2119g2/tr69hostif-315188/src/hostif/parodusClient/conf/notify_webpa_cfg.json
2026-02-04 20:40:07,438 - Knowledge - INFO - Fast-tracked /app/data/T0015/315188/b2119g2/tr69hostif-315188/src/hostif/parodusClient/conf/notify_webpa_cfg.json (ext=.json, size=27)
2026-02-04 20:40:07,495 - Knowledge - INFO - Fast-tracked /app/data/T0015/315188/b2119g2/tr69hostif-315188/src/hostif/handlers/include/hostIf_StorageSrvc_ReqHandler.h (small file (2488 bytes))
2026-02-04 20:40:07,515 - Knowledge - INFO - [WEBSOCKET] Sent: Type=progress_update, Size: 293, Duration: 0ms
2026-02-04 20:40:07,701 - Knowledge - INFO - Fast-tracked /app/data/T0015/315188/b2119g2/tr69hostif-315188/src/hostif/handlers/include/hostIf_MoCAClient_ReqHandler.h (small file (2463 bytes))
2026-02-04 20:40:07,831 - Knowledge - INFO - [kw9] Queue=30, InProgress=0, PendingWorkers=20/20, Completed=259/366 (70.8%)
2026-02-04 20:40:07,842 - Knowledge - INFO - [WEBSOCKET] Sent: Type=unknown, Size: ?, Duration: 327ms
2026-02-04 20:40:08,021 - Knowledge - INFO - Batch sizing: calculated=4, max_allowed=10, queue=30, active_workers=20/20
2026-02-04 20:40:08,178 - Knowledge - INFO - Progress: 70.8% | Files: 259/366 | Rate: 1.13 files/sec | Queue: 30
2026-02-04 20:40:08,279 - Knowledge - INFO - Async storing batch of 5 embeddings
2026-02-04 20:40:08,365 - Knowledge - INFO - [kw12] Queue=26, InProgress=0, PendingWorkers=20/20, Completed=259/366 (70.8%)
2026-02-04 20:40:08,509 - Knowledge - INFO - Worker kw9 processing /app/data/T0015/315188/b2119g2/tr69hostif-315188/src/hostif/parodusClient/pal/webpa_parameter.cpp
2026-02-04 20:40:08,621 - Knowledge - INFO - Batch sizing: calculated=4, max_allowed=10, queue=26, active_workers=20/20
2026-02-04 20:40:08,711 - Knowledge - INFO - Worker kw9 processing /app/data/T0015/315188/b2119g2/tr69hostif-315188/src/hostif/parodusClient/pal/webpa_adapter.cpp
2026-02-04 20:40:08,824 - Knowledge - INFO - Async storing batch of 5 embeddings
2026-02-04 20:40:08,915 - Knowledge - INFO - Worker kw9 processing /app/data/T0015/315188/b2119g2/tr69hostif-315188/src/hostif/parodusClient/pal/webpa_attribute.h
2026-02-04 20:40:09,018 - Knowledge - INFO - Worker kw12 processing /app/data/T0015/315188/b2119g2/tr69hostif-315188/src/hostif/parodusClient/pal/webpa_notification.cpp
2026-02-04 20:40:09,104 - Knowledge - INFO - Fast-tracked /app/data/T0015/315188/b2119g2/tr69hostif-315188/src/hostif/parodusClient/pal/webpa_attribute.h (ext=.h, size=1826)
2026-02-04 20:40:09,228 - Knowledge - INFO - Worker kw12 processing /app/data/T0015/315188/b2119g2/tr69hostif-315188/src/hostif/parodusClient/pal/libpd.h
2026-02-04 20:40:09,322 - Knowledge - INFO - Worker kw9 processing /app/data/T0015/315188/b2119g2/tr69hostif-315188/src/hostif/parodusClient/pal/libpd.cpp
2026-02-04 20:40:09,419 - Knowledge - INFO - Fast-tracked /app/data/T0015/315188/b2119g2/tr69hostif-315188/src/hostif/parodusClient/pal/libpd.h (ext=.h, size=1354)
2026-02-04 20:40:09,646 - Knowledge - INFO - Worker kw12 processing /app/data/T0015/315188/b2119g2/tr69hostif-315188/src/hostif/parodusClient/pal/webpa_parameter.h
2026-02-04 20:40:09,813 - Knowledge - INFO - Worker kw12 processing /app/data/T0015/315188/b2119g2/tr69hostif-315188/src/hostif/parodusClient/pal/webpa_adapter.h
2026-02-04 20:40:10,169 - Knowledge - INFO - Async storage completed for 6 embeddings
2026-02-04 20:40:10,351 - Knowledge - INFO - Async storage completed for 6 embeddings
2026-02-04 20:40:10,386 - Knowledge - WARNING - Timeout processing /app/data/T0015/315188/b2119g2/tr69hostif-315188/src/hostif/profiles/Ethernet/gtest/gtest_ethernet.cpp after 90s - using fallback metadata
2026-02-04 20:40:10,600 - Knowledge - WARNING - Timeout processing /app/data/T0015/315188/b2119g2/tr69hostif-315188/src/hostif/profiles/wifi/Device_WiFi_Radio_Stats.h after 90s - using fallback metadata
2026-02-04 20:40:10,691 - Knowledge - WARNING - Timeout processing /app/data/T0015/315188/b2119g2/tr69hostif-315188/src/hostif/profiles/Ethernet/Device_Ethernet_Interface.cpp after 90s - using fallback metadata
2026-02-04 20:40:10,817 - Knowledge - WARNING - Timeout processing /app/data/T0015/315188/b2119g2/tr69hostif-315188/src/hostif/profiles/wifi/Device_WiFi_AccessPoint_WPS.h after 90s - using fallback metadata
2026-02-04 20:40:10,887 - Knowledge - WARNING - Timeout processing /app/data/T0015/315188/b2119g2/tr69hostif-315188/src/hostif/profiles/Time/Device_Time.h after 90s - using fallback metadata
2026-02-04 20:40:11,001 - Knowledge - WARNING - Timeout processing /app/data/T0015/315188/b2119g2/tr69hostif-315188/src/hostif/profiles/wifi/Device_WiFi_X_RDKCENTRAL_COM_ClientRoaming.cpp after 90s - using fallback metadata
2026-02-04 20:40:11,111 - Knowledge - WARNING - Timeout processing /app/data/T0015/315188/b2119g2/tr69hostif-315188/src/hostif/profiles/Time/gtest/gtest_time.cpp after 90s - using fallback metadata
2026-02-04 20:40:11,191 - Knowledge - WARNING - Timeout processing /app/data/T0015/315188/b2119g2/tr69hostif-315188/src/hostif/profiles/wifi/Device_WiFi_EndPoint_WPS.cpp after 90s - using fallback metadata
2026-02-04 20:40:11,309 - Knowledge - WARNING - Timeout processing /app/data/T0015/315188/b2119g2/tr69hostif-315188/src/hostif/profiles/Time/Device_Time.cpp after 90s - using fallback metadata
2026-02-04 20:40:11,407 - Knowledge - WARNING - Timeout processing /app/data/T0015/315188/b2119g2/tr69hostif-315188/src/hostif/profiles/wifi/Device_WiFi_SSID_Stats.h after 90s - using fallback metadata
2026-02-04 20:40:11,588 - Knowledge - INFO - Processing batch of 5 files
2026-02-04 20:40:11,670 - Knowledge - INFO - Processing batch of 5 files
2026-02-04 20:40:11,822 - Knowledge - INFO - Async storage completed for 5 embeddings
2026-02-04 20:40:11,838 - Knowledge - INFO - process ingested knowledge for /app/data/T0015/315188/b2119g2/tr69hostif-315188/src/hostif/profiles/Ethernet/gtest/gtest_ethernet.cpp
2026-02-04 20:40:11,946 - Knowledge - INFO - process ingested knowledge for /app/data/T0015/315188/b2119g2/tr69hostif-315188/src/hostif/profiles/wifi/Device_WiFi_Radio_Stats.h
2026-02-04 20:40:12,184 - Knowledge - INFO - process ingested knowledge for /app/data/T0015/315188/b2119g2/tr69hostif-315188/src/hostif/profiles/Ethernet/Device_Ethernet_Interface.cpp
2026-02-04 20:40:12,282 - Knowledge - INFO - process ingested knowledge for /app/data/T0015/315188/b2119g2/tr69hostif-315188/src/hostif/profiles/wifi/Device_WiFi_AccessPoint_WPS.h
2026-02-04 20:40:12,415 - Knowledge - INFO - process ingested knowledge for /app/data/T0015/315188/b2119g2/tr69hostif-315188/src/hostif/profiles/Time/Device_Time.h
2026-02-04 20:40:12,503 - Knowledge - INFO - process ingested knowledge for /app/data/T0015/315188/b2119g2/tr69hostif-315188/src/hostif/profiles/wifi/Device_WiFi_X_RDKCENTRAL_COM_ClientRoaming.cpp
2026-02-04 20:40:12,607 - Knowledge - INFO - process ingested knowledge for /app/data/T0015/315188/b2119g2/tr69hostif-315188/src/hostif/profiles/Time/gtest/gtest_time.cpp
2026-02-04 20:40:12,727 - Knowledge - INFO - process ingested knowledge for /app/data/T0015/315188/b2119g2/tr69hostif-315188/src/hostif/profiles/wifi/Device_WiFi_EndPoint_WPS.cpp
2026-02-04 20:40:12,808 - Knowledge - INFO - process ingested knowledge for /app/data/T0015/315188/b2119g2/tr69hostif-315188/src/hostif/profiles/Time/Device_Time.cpp
2026-02-04 20:40:12,928 - Knowledge - INFO - process ingested knowledge for /app/data/T0015/315188/b2119g2/tr69hostif-315188/src/hostif/profiles/wifi/Device_WiFi_SSID_Stats.h
2026-02-04 20:40:13,769 - Knowledge - INFO - [WEBSOCKET] Sent: Type=progress_update, Size: 293, Duration: 0ms
2026-02-04 20:40:13,941 - Knowledge - INFO - [kw16] Queue=22, InProgress=0, PendingWorkers=20/20, Completed=269/366 (73.5%)
2026-02-04 20:40:13,942 - Knowledge - INFO - [WEBSOCKET] Sent: Type=unknown, Size: ?, Duration: 174ms
2026-02-04 20:40:14,120 - Knowledge - INFO - Batch sizing: calculated=4, max_allowed=10, queue=22, active_workers=20/20
2026-02-04 20:40:14,236 - Knowledge - INFO - Progress: 73.5% | Files: 269/366 | Rate: 1.14 files/sec | Queue: 22
2026-02-04 20:40:14,338 - Knowledge - INFO - Async storing batch of 5 embeddings
2026-02-04 20:40:14,442 - Knowledge - INFO - [kw15] Queue=18, InProgress=0, PendingWorkers=20/20, Completed=269/366 (73.5%)
2026-02-04 20:40:14,451 - Knowledge - INFO - Async storage completed for 6 embeddings
2026-02-04 20:40:14,515 - Knowledge - INFO - Worker kw16 processing /app/data/T0015/315188/b2119g2/tr69hostif-315188/src/hostif/parodusClient/pal/mock-parodus/mock_parodus_build.sh
2026-02-04 20:40:14,673 - Knowledge - INFO - Batch sizing: calculated=4, max_allowed=10, queue=18, active_workers=20/20
2026-02-04 20:40:14,776 - Knowledge - WARNING - Timeout processing /app/data/T0015/315188/b2119g2/tr69hostif-315188/src/hostif/profiles/InterfaceStack/Device_InterfaceStack.h after 90s - using fallback metadata
2026-02-04 20:40:14,872 - Knowledge - INFO - Fast-tracked /app/data/T0015/315188/b2119g2/tr69hostif-315188/src/hostif/parodusClient/pal/mock-parodus/mock_parodus_build.sh (ext=.sh, size=146)
2026-02-04 20:40:14,966 - Knowledge - INFO - Async storing batch of 5 embeddings
2026-02-04 20:40:15,083 - Knowledge - WARNING - Timeout processing /app/data/T0015/315188/b2119g2/tr69hostif-315188/src/hostif/profiles/InterfaceStack/Device_InterfaceStack.cpp after 90s - using fallback metadata
2026-02-04 20:40:15,158 - Knowledge - INFO - Worker kw16 processing /app/data/T0015/315188/b2119g2/tr69hostif-315188/src/hostif/parodusClient/pal/mock-parodus/parodus.cpp
2026-02-04 20:40:15,251 - Knowledge - INFO - Worker kw15 processing /app/data/T0015/315188/b2119g2/tr69hostif-315188/src/hostif/parodusClient/gtest/dm_test.cpp
2026-02-04 20:40:15,361 - Knowledge - WARNING - Timeout processing /app/data/T0015/315188/b2119g2/tr69hostif-315188/src/hostif/profiles/Ethernet/Device_Ethernet_Interface.h after 90s - using fallback metadata
2026-02-04 20:40:15,443 - Knowledge - INFO - Fast-tracked /app/data/T0015/315188/b2119g2/tr69hostif-315188/src/hostif/parodusClient/pal/mock-parodus/parodus.cpp (ext=.cpp, size=1541)
2026-02-04 20:40:15,459 - Knowledge - INFO - Fast-tracked /app/data/T0015/315188/b2119g2/tr69hostif-315188/src/hostif/handlers/include/hostIf_IPClient_ReqHandler.h (small file (2730 bytes))
2026-02-04 20:40:15,526 - Knowledge - INFO - Worker kw15 processing /app/data/T0015/315188/b2119g2/tr69hostif-315188/src/hostif/httpserver/src/XrdkCentralComRFCVar.cpp
2026-02-04 20:40:15,845 - Knowledge - WARNING - Timeout processing /app/data/T0015/315188/b2119g2/tr69hostif-315188/src/hostif/profiles/Ethernet/Device_Ethernet_Interface_Stats.h after 90s - using fallback metadata
2026-02-04 20:40:15,846 - Knowledge - INFO - Worker kw16 processing /app/data/T0015/315188/b2119g2/tr69hostif-315188/src/hostif/parodusClient/pal/webpa_attribute.cpp
2026-02-04 20:40:16,149 - Knowledge - INFO - Fast-tracked /app/data/T0015/315188/b2119g2/tr69hostif-315188/src/hostif/handlers/include/hostIf_XrdkCentralT2_ReqHandler.h (small file (2030 bytes))
2026-02-04 20:40:16,216 - Knowledge - INFO - Worker kw15 processing /app/data/T0015/315188/b2119g2/tr69hostif-315188/src/hostif/httpserver/src/http_server.cpp
2026-02-04 20:40:16,351 - Knowledge - WARNING - Timeout processing /app/data/T0015/315188/b2119g2/tr69hostif-315188/src/hostif/profiles/Ethernet/Device_Ethernet_Interface_Stats.cpp after 90s - using fallback metadata
2026-02-04 20:40:16,461 - Knowledge - INFO - Worker kw16 processing /app/data/T0015/315188/b2119g2/tr69hostif-315188/src/hostif/parodusClient/pal/webpa_notification.h
2026-02-04 20:40:16,545 - Knowledge - INFO - Fast-tracked /app/data/T0015/315188/b2119g2/tr69hostif-315188/src/hostif/handlers/include/hostIf_DHCPv4Client_ReqHandler.h (small file (2675 bytes))
2026-02-04 20:40:16,640 - Knowledge - INFO - Worker kw15 processing /app/data/T0015/315188/b2119g2/tr69hostif-315188/src/hostif/httpserver/src/gtest/gtest_httpserver.cpp
2026-02-04 20:40:16,782 - Knowledge - INFO - Processing batch of 5 files
2026-02-04 20:40:16,936 - Knowledge - INFO - Async storage completed for 4 embeddings
2026-02-04 20:40:17,178 - Knowledge - INFO - process ingested knowledge for /app/data/T0015/315188/b2119g2/tr69hostif-315188/src/hostif/profiles/InterfaceStack/Device_InterfaceStack.h
2026-02-04 20:40:17,390 - Knowledge - INFO - process ingested knowledge for /app/data/T0015/315188/b2119g2/tr69hostif-315188/src/hostif/profiles/InterfaceStack/Device_InterfaceStack.cpp
2026-02-04 20:40:17,590 - Knowledge - INFO - process ingested knowledge for /app/data/T0015/315188/b2119g2/tr69hostif-315188/src/hostif/profiles/Ethernet/Device_Ethernet_Interface.h
2026-02-04 20:40:17,840 - Knowledge - INFO - process ingested knowledge for /app/data/T0015/315188/b2119g2/tr69hostif-315188/src/hostif/profiles/Ethernet/Device_Ethernet_Interface_Stats.h
2026-02-04 20:40:18,249 - Knowledge - INFO - process ingested knowledge for /app/data/T0015/315188/b2119g2/tr69hostif-315188/src/hostif/profiles/Ethernet/Device_Ethernet_Interface_Stats.cpp
2026-02-04 20:40:18,897 - Knowledge - INFO - [kw3] Queue=14, InProgress=0, PendingWorkers=20/20, Completed=274/366 (74.9%)
2026-02-04 20:40:19,058 - Knowledge - INFO - Batch sizing: calculated=4, max_allowed=10, queue=14, active_workers=20/20
2026-02-04 20:40:19,232 - Knowledge - INFO - Async storing batch of 5 embeddings
2026-02-04 20:40:19,417 - Knowledge - INFO - Worker kw3 processing /app/data/T0015/315188/b2119g2/tr69hostif-315188/src/hostif/httpserver/src/request_handler.cpp
2026-02-04 20:40:19,616 - Knowledge - INFO - Worker kw3 processing /app/data/T0015/315188/b2119g2/tr69hostif-315188/src/hostif/httpserver/include/http_server.h
2026-02-04 20:40:19,945 - Knowledge - INFO - Fast-tracked /app/data/T0015/315188/b2119g2/tr69hostif-315188/src/hostif/httpserver/include/http_server.h (ext=.h, size=837)
2026-02-04 20:40:20,198 - Knowledge - INFO - Worker kw3 processing /app/data/T0015/315188/b2119g2/tr69hostif-315188/src/hostif/httpserver/include/request_handler.h
2026-02-04 20:40:20,462 - Knowledge - INFO - Fast-tracked /app/data/T0015/315188/b2119g2/tr69hostif-315188/src/hostif/httpserver/include/request_handler.h (ext=.h, size=1864)
2026-02-04 20:40:20,845 - Knowledge - INFO - Worker kw3 processing /app/data/T0015/315188/b2119g2/tr69hostif-315188/src/hostif/httpserver/include/XrdkCentralComRFCVar.h
2026-02-04 20:40:21,060 - Knowledge - INFO - Fast-tracked /app/data/T0015/315188/b2119g2/tr69hostif-315188/src/hostif/httpserver/include/XrdkCentralComRFCVar.h (ext=.h, size=1638)
2026-02-04 20:40:21,104 - Knowledge - INFO - [LLM_CALL] Completed: Device_WiFi_EndPoint_Profile_Security.h:chunk1, Duration: 59321ms, PromptTokens: 3200, CompletionTokens: 422, Cost: $0.00049
2026-02-04 20:40:21,337 - Knowledge - INFO - done ingest for /app/data/T0015/315188/b2119g2/tr69hostif-315188/src/hostif/profiles/wifi/Device_WiFi_EndPoint_Profile_Security.h
2026-02-04 20:40:24,567 - Knowledge - INFO - [LLM_CALL] Completed: Device_WiFi_EndPoint_Profile.cpp:chunk1, Duration: 43871ms, PromptTokens: 2902, CompletionTokens: 878, Cost: $0.00064
2026-02-04 20:40:24,773 - Knowledge - INFO - done ingest for /app/data/T0015/315188/b2119g2/tr69hostif-315188/src/hostif/profiles/wifi/Device_WiFi_EndPoint_Profile.cpp
2026-02-04 20:40:25,594 - Knowledge - INFO - Fast-tracked /app/data/T0015/315188/b2119g2/tr69hostif-315188/src/hostif/parodusClient/pal/webpa_parameter.h (small file (2783 bytes))
2026-02-04 20:40:25,973 - Knowledge - INFO - [LLM_CALL] Completed: Device_WiFi.cpp:chunk1, Duration: 33052ms, PromptTokens: 8928, CompletionTokens: 1147, Cost: $0.00135
2026-02-04 20:40:26,168 - Knowledge - INFO - done ingest for /app/data/T0015/315188/b2119g2/tr69hostif-315188/src/hostif/profiles/wifi/Device_WiFi.cpp
2026-02-04 20:40:26,169 - Knowledge - INFO - [LLM_CALL] Completed: hostIf_msgHandler.h:chunk1, Duration: 29639ms, PromptTokens: 3344, CompletionTokens: 668, Cost: $0.00060
2026-02-04 20:40:26,462 - Knowledge - INFO - done ingest for /app/data/T0015/315188/b2119g2/tr69hostif-315188/src/hostif/handlers/include/hostIf_msgHandler.h
2026-02-04 20:40:26,502 - Knowledge - INFO - Processing batch of 4 files
2026-02-04 20:40:26,744 - Knowledge - INFO - Processing batch of 4 files
2026-02-04 20:40:26,773 - Knowledge - INFO - process ingested knowledge for /app/data/T0015/315188/b2119g2/tr69hostif-315188/src/hostif/profiles/wifi/Device_WiFi_EndPoint_Security.h
2026-02-04 20:40:26,909 - Knowledge - INFO - process ingested knowledge for /app/data/T0015/315188/b2119g2/tr69hostif-315188/src/hostif/handlers/include/hostIf_msgHandler.h
2026-02-04 20:40:27,009 - Knowledge - INFO - process ingested knowledge for /app/data/T0015/315188/b2119g2/tr69hostif-315188/src/hostif/profiles/wifi/Device_WiFi_EndPoint_Profile_Security.h
2026-02-04 20:40:27,036 - Knowledge - INFO - Async storage completed for 5 embeddings
2026-02-04 20:40:27,138 - Knowledge - INFO - process ingested knowledge for /app/data/T0015/315188/b2119g2/tr69hostif-315188/src/hostif/handlers/include/hostIf_IPClient_ReqHandler.h
2026-02-04 20:40:27,250 - Knowledge - INFO - process ingested knowledge for /app/data/T0015/315188/b2119g2/tr69hostif-315188/src/hostif/profiles/wifi/Device_WiFi_EndPoint_Profile.cpp
2026-02-04 20:40:27,435 - Knowledge - INFO - process ingested knowledge for /app/data/T0015/315188/b2119g2/tr69hostif-315188/src/hostif/handlers/include/hostIf_XrdkCentralT2_ReqHandler.h
2026-02-04 20:40:27,549 - Knowledge - INFO - process ingested knowledge for /app/data/T0015/315188/b2119g2/tr69hostif-315188/src/hostif/profiles/wifi/Device_WiFi.cpp
2026-02-04 20:40:27,653 - Knowledge - INFO - process ingested knowledge for /app/data/T0015/315188/b2119g2/tr69hostif-315188/src/hostif/handlers/include/hostIf_DHCPv4Client_ReqHandler.h
2026-02-04 20:40:27,677 - Knowledge - INFO - Async storage completed for 5 embeddings
2026-02-04 20:40:28,166 - Knowledge - INFO - Async storage completed for 4 embeddings
2026-02-04 20:40:28,260 - Knowledge - INFO - [WEBSOCKET] Sent: Type=progress_update, Size: 293, Duration: 0ms
2026-02-04 20:40:28,445 - Knowledge - INFO - [kw14] Queue=10, InProgress=0, PendingWorkers=20/20, Completed=282/366 (77.0%)
2026-02-04 20:40:28,446 - Knowledge - INFO - [WEBSOCKET] Sent: Type=unknown, Size: ?, Duration: 186ms
2026-02-04 20:40:28,486 - Knowledge - INFO - Async storage completed for 5 embeddings
2026-02-04 20:40:28,637 - Knowledge - INFO - Batch sizing: calculated=4, max_allowed=10, queue=10, active_workers=20/20
2026-02-04 20:40:28,707 - Knowledge - INFO - Progress: 77.0% | Files: 282/366 | Rate: 1.13 files/sec | Queue: 10
2026-02-04 20:40:28,928 - Knowledge - INFO - Async storing batch of 4 embeddings
2026-02-04 20:40:28,997 - Knowledge - INFO - [kw13] Queue=6, InProgress=0, PendingWorkers=20/20, Completed=282/366 (77.0%)
2026-02-04 20:40:29,090 - Knowledge - INFO - Worker kw14 processing /app/data/T0015/315188/b2119g2/tr69hostif-315188/src/hostif/snmpAdapter/snmpAdapter.cpp
2026-02-04 20:40:29,226 - Knowledge - INFO - Batch sizing: calculated=4, max_allowed=10, queue=6, active_workers=20/20
2026-02-04 20:40:29,379 - Knowledge - INFO - [LLM_CALL] Completed: hostIf_jsonReqHandler.h:chunk1, Duration: 40832ms, PromptTokens: 2394, CompletionTokens: 59, Cost: $0.00026
2026-02-04 20:40:29,382 - Knowledge - INFO - Worker kw14 processing /app/data/T0015/315188/b2119g2/tr69hostif-315188/src/hostif/snmpAdapter/snmpAdapter.h
2026-02-04 20:40:29,581 - Knowledge - INFO - done ingest for /app/data/T0015/315188/b2119g2/tr69hostif-315188/src/hostif/handlers/include/hostIf_jsonReqHandler.h
2026-02-04 20:40:29,582 - Knowledge - INFO - Async storing batch of 4 embeddings
2026-02-04 20:40:29,665 - Knowledge - INFO - Worker kw14 processing /app/data/T0015/315188/b2119g2/tr69hostif-315188/rdk_env.xml
2026-02-04 20:40:29,972 - Knowledge - INFO - Worker kw13 processing /app/data/T0015/315188/b2119g2/tr69hostif-315188/conf/rfcdefaults/tr69hostif.ini
2026-02-04 20:40:30,048 - Knowledge - INFO - Fast-tracked /app/data/T0015/315188/b2119g2/tr69hostif-315188/rdk_env.xml (ext=.xml, size=1056)
2026-02-04 20:40:30,189 - Knowledge - INFO - Fast-tracked /app/data/T0015/315188/b2119g2/tr69hostif-315188/conf/rfcdefaults/tr69hostif.ini (ext=.ini, size=987)
2026-02-04 20:40:30,289 - Knowledge - INFO - Worker kw14 processing /app/data/T0015/315188/b2119g2/tr69hostif-315188/run_ut.sh
2026-02-04 20:40:30,412 - Knowledge - INFO - Worker kw13 processing /app/data/T0015/315188/b2119g2/tr69hostif-315188/dependent_rdk_pkg_installer.sh
2026-02-04 20:40:30,586 - Knowledge - INFO - Worker kw13 processing /app/data/T0015/315188/b2119g2/tr69hostif-315188/partners_defaults.json
2026-02-04 20:40:30,762 - Knowledge - INFO - Fast-tracked /app/data/T0015/315188/b2119g2/tr69hostif-315188/partners_defaults.json (ext=.json, size=4583)
2026-02-04 20:40:30,971 - Knowledge - INFO - Worker kw13 processing /app/data/T0015/315188/b2119g2/tr69hostif-315188/run_l2.sh
2026-02-04 20:40:33,098 - Knowledge - INFO - Async storage completed for 6 embeddings
2026-02-04 20:40:33,875 - Knowledge - WARNING - Timeout processing /app/data/T0015/315188/b2119g2/tr69hostif-315188/src/hostif/profiles/wifi/Device_WiFi_EndPoint_Profile.h after 90s - using fallback metadata
2026-02-04 20:40:34,164 - Knowledge - INFO - [LLM_CALL] Completed: hostIf_DeviceClient_ReqHandler.h:chunk1, Duration: 25986ms, PromptTokens: 2814, CompletionTokens: 481, Cost: $0.00047
2026-02-04 20:40:34,168 - Knowledge - WARNING - Timeout processing /app/data/T0015/315188/b2119g2/tr69hostif-315188/src/hostif/profiles/wifi/Device_WiFi.h after 90s - using fallback metadata
2026-02-04 20:40:34,328 - Knowledge - INFO - done ingest for /app/data/T0015/315188/b2119g2/tr69hostif-315188/src/hostif/handlers/include/hostIf_DeviceClient_ReqHandler.h
2026-02-04 20:40:34,620 - Knowledge - WARNING - Timeout processing /app/data/T0015/315188/b2119g2/tr69hostif-315188/src/hostif/profiles/wifi/Device_WiFi_EndPoint.h after 90s - using fallback metadata
2026-02-04 20:40:34,681 - Knowledge - INFO - Processing batch of 4 files
2026-02-04 20:40:34,823 - Knowledge - WARNING - Timeout processing /app/data/T0015/315188/b2119g2/tr69hostif-315188/src/hostif/profiles/wifi/Device_WiFi_Radio.h after 90s - using fallback metadata
2026-02-04 20:40:34,879 - Knowledge - INFO - process ingested knowledge for /app/data/T0015/315188/b2119g2/tr69hostif-315188/src/hostif/handlers/include/hostIf_jsonReqHandler.h
2026-02-04 20:40:35,148 - Knowledge - INFO - process ingested knowledge for /app/data/T0015/315188/b2119g2/tr69hostif-315188/src/hostif/handlers/include/hostIf_StorageSrvc_ReqHandler.h
2026-02-04 20:40:35,155 - Knowledge - WARNING - Timeout processing /app/data/T0015/315188/b2119g2/tr69hostif-315188/src/hostif/profiles/wifi/Device_WiFi_AccessPoint.cpp after 90s - using fallback metadata
2026-02-04 20:40:35,297 - Knowledge - INFO - process ingested knowledge for /app/data/T0015/315188/b2119g2/tr69hostif-315188/src/hostif/handlers/include/hostIf_MoCAClient_ReqHandler.h
2026-02-04 20:40:35,488 - Knowledge - INFO - Processing batch of 5 files
2026-02-04 20:40:35,516 - Knowledge - INFO - process ingested knowledge for /app/data/T0015/315188/b2119g2/tr69hostif-315188/src/hostif/handlers/include/hostIf_DeviceClient_ReqHandler.h
2026-02-04 20:40:35,709 - Knowledge - INFO - process ingested knowledge for /app/data/T0015/315188/b2119g2/tr69hostif-315188/src/hostif/profiles/wifi/Device_WiFi_EndPoint_Profile.h
2026-02-04 20:40:36,201 - Knowledge - INFO - process ingested knowledge for /app/data/T0015/315188/b2119g2/tr69hostif-315188/src/hostif/profiles/wifi/Device_WiFi.h
2026-02-04 20:40:36,390 - Knowledge - INFO - process ingested knowledge for /app/data/T0015/315188/b2119g2/tr69hostif-315188/src/hostif/profiles/wifi/Device_WiFi_EndPoint.h
2026-02-04 20:40:36,568 - Knowledge - INFO - [WEBSOCKET] Sent: Type=progress_update, Size: 293, Duration: 0ms
2026-02-04 20:40:36,613 - Knowledge - INFO - process ingested knowledge for /app/data/T0015/315188/b2119g2/tr69hostif-315188/src/hostif/profiles/wifi/Device_WiFi_Radio.h
2026-02-04 20:40:36,813 - Knowledge - INFO - [WEBSOCKET] Sent: Type=unknown, Size: ?, Duration: 245ms
2026-02-04 20:40:37,087 - Knowledge - INFO - process ingested knowledge for /app/data/T0015/315188/b2119g2/tr69hostif-315188/src/hostif/profiles/wifi/Device_WiFi_AccessPoint.cpp
2026-02-04 20:40:37,188 - Knowledge - INFO - Async storage completed for 5 embeddings
2026-02-04 20:40:37,196 - Knowledge - INFO - Progress: 79.5% | Files: 291/366 | Rate: 1.13 files/sec | Queue: 2
2026-02-04 20:40:37,329 - Knowledge - INFO - Async storage completed for 4 embeddings
2026-02-04 20:40:37,685 - Knowledge - INFO - [LLM_CALL] Completed: Device_WiFi_EndPoint_WPS.h:chunk1, Duration: 56179ms, PromptTokens: 2592, CompletionTokens: 505, Cost: $0.00046
2026-02-04 20:40:37,717 - Knowledge - INFO - [kw2] Queue=2, InProgress=0, PendingWorkers=20/20, Completed=291/366 (79.5%)
2026-02-04 20:40:37,891 - Knowledge - INFO - done ingest for /app/data/T0015/315188/b2119g2/tr69hostif-315188/src/hostif/profiles/wifi/Device_WiFi_EndPoint_WPS.h
2026-02-04 20:40:37,982 - Knowledge - INFO - Batch sizing: calculated=2, max_allowed=10, queue=2, active_workers=20/20
2026-02-04 20:40:38,245 - Knowledge - INFO - Async storage completed for 5 embeddings
2026-02-04 20:40:38,300 - Knowledge - INFO - Async storing batch of 4 embeddings
2026-02-04 20:40:38,710 - Knowledge - INFO - Fast-tracked /app/data/T0015/315188/b2119g2/tr69hostif-315188/src/hostif/parodusClient/pal/webpa_notification.h (small file (2037 bytes))
2026-02-04 20:40:38,728 - Knowledge - INFO - Worker kw2 processing /app/data/T0015/315188/b2119g2/tr69hostif-315188/CONTRIBUTING.md
2026-02-04 20:40:38,954 - Knowledge - INFO - Async storage completed for 5 embeddings
2026-02-04 20:40:39,122 - Knowledge - INFO - Fast-tracked /app/data/T0015/315188/b2119g2/tr69hostif-315188/CONTRIBUTING.md (ext=.md, size=268)
2026-02-04 20:40:39,430 - Knowledge - INFO - Worker kw2 processing /app/data/T0015/315188/b2119g2/tr69hostif-315188/CHANGELOG.md
2026-02-04 20:40:39,775 - Knowledge - INFO - Fast-tracked /app/data/T0015/315188/b2119g2/tr69hostif-315188/CHANGELOG.md (ext=.md, size=26435)
2026-02-04 20:40:40,040 - Knowledge - INFO - Async storage completed for 4 embeddings
2026-02-04 20:40:40,279 - Knowledge - INFO - Processing batch of 2 files
2026-02-04 20:40:40,553 - Knowledge - INFO - process ingested knowledge for /app/data/T0015/315188/b2119g2/tr69hostif-315188/CONTRIBUTING.md
2026-02-04 20:40:40,891 - Knowledge - INFO - process ingested knowledge for /app/data/T0015/315188/b2119g2/tr69hostif-315188/CHANGELOG.md
2026-02-04 20:40:41,375 - Knowledge - INFO - Async storage completed for 5 embeddings
2026-02-04 20:40:41,940 - Knowledge - INFO - Async storage completed for 6 embeddings
2026-02-04 20:40:42,519 - Knowledge - WARNING - Timeout processing /app/data/T0015/315188/b2119g2/tr69hostif-315188/src/hostif/profiles/wifi/Device_WiFi_AccessPoint_AssociatedDevice.h after 90s - using fallback metadata
2026-02-04 20:40:42,755 - Knowledge - WARNING - Timeout processing /app/data/T0015/315188/b2119g2/tr69hostif-315188/src/hostif/profiles/wifi/Device_WiFi_EndPoint_Profile_Security.cpp after 90s - using fallback metadata
2026-02-04 20:40:43,130 - Knowledge - WARNING - Timeout processing /app/data/T0015/315188/b2119g2/tr69hostif-315188/src/hostif/profiles/wifi/Device_WiFi_SSID.h after 90s - using fallback metadata
2026-02-04 20:40:43,431 - Knowledge - WARNING - Timeout processing /app/data/T0015/315188/b2119g2/tr69hostif-315188/src/hostif/profiles/wifi/Device_WiFi_AccessPoint_Security.h after 90s - using fallback metadata
2026-02-04 20:40:43,915 - Knowledge - WARNING - Timeout processing /app/data/T0015/315188/b2119g2/tr69hostif-315188/src/hostif/profiles/wifi/Device_WiFi_EndPoint_Security.cpp after 90s - using fallback metadata
2026-02-04 20:40:46,370 - Knowledge - INFO - Processing batch of 5 files
2026-02-04 20:40:46,720 - Knowledge - INFO - process ingested knowledge for /app/data/T0015/315188/b2119g2/tr69hostif-315188/src/hostif/profiles/wifi/Device_WiFi_EndPoint_Profile_Security.cpp
2026-02-04 20:40:47,162 - Knowledge - INFO - process ingested knowledge for /app/data/T0015/315188/b2119g2/tr69hostif-315188/src/hostif/profiles/wifi/Device_WiFi_SSID.h
2026-02-04 20:40:47,849 - Knowledge - INFO - process ingested knowledge for /app/data/T0015/315188/b2119g2/tr69hostif-315188/src/hostif/profiles/wifi/Device_WiFi_AccessPoint_Security.h
2026-02-04 20:40:48,317 - Knowledge - INFO - process ingested knowledge for /app/data/T0015/315188/b2119g2/tr69hostif-315188/src/hostif/profiles/wifi/Device_WiFi_EndPoint_Security.cpp
2026-02-04 20:40:48,427 - Knowledge - INFO - [LLM_CALL] Completed: Device_WiFi_AccessPoint_WPS.cpp:chunk1, Duration: 53401ms, PromptTokens: 2612, CompletionTokens: 775, Cost: $0.00057
2026-02-04 20:40:48,582 - Knowledge - INFO - Async storage completed for 5 embeddings
2026-02-04 20:40:48,809 - Knowledge - INFO - process ingested knowledge for /app/data/T0015/315188/b2119g2/tr69hostif-315188/src/hostif/profiles/wifi/Device_WiFi_AccessPoint_AssociatedDevice.h
2026-02-04 20:40:49,034 - Knowledge - INFO - done ingest for /app/data/T0015/315188/b2119g2/tr69hostif-315188/src/hostif/profiles/wifi/Device_WiFi_AccessPoint_WPS.cpp
2026-02-04 20:40:49,962 - Knowledge - INFO - [LLM_CALL] Completed: webpa_attribute.cpp:chunk1, Duration: 33111ms, PromptTokens: 5234, CompletionTokens: 432, Cost: $0.00070
2026-02-04 20:40:50,223 - Knowledge - INFO - done ingest for /app/data/T0015/315188/b2119g2/tr69hostif-315188/src/hostif/parodusClient/pal/webpa_attribute.cpp
2026-02-04 20:40:50,874 - Knowledge - INFO - Fast-tracked /app/data/T0015/315188/b2119g2/tr69hostif-315188/run_l2.sh (small file (3047 bytes))
2026-02-04 20:40:51,193 - Knowledge - INFO - Async storage completed for 4 embeddings
2026-02-04 20:40:51,784 - Knowledge - INFO - Processing batch of 4 files
2026-02-04 20:40:52,041 - Knowledge - INFO - process ingested knowledge for /app/data/T0015/315188/b2119g2/tr69hostif-315188/src/hostif/parodusClient/pal/mock-parodus/mock_parodus_build.sh
2026-02-04 20:40:52,625 - Knowledge - INFO - process ingested knowledge for /app/data/T0015/315188/b2119g2/tr69hostif-315188/src/hostif/parodusClient/pal/mock-parodus/parodus.cpp
2026-02-04 20:40:52,696 - Knowledge - INFO - Async storage completed for 5 embeddings
2026-02-04 20:40:53,052 - Knowledge - INFO - Async storage completed for 5 embeddings
2026-02-04 20:40:53,565 - Knowledge - INFO - process ingested knowledge for /app/data/T0015/315188/b2119g2/tr69hostif-315188/src/hostif/parodusClient/pal/webpa_attribute.cpp
2026-02-04 20:40:53,639 - Knowledge - INFO - [LLM_CALL] Completed: request_handler.cpp:chunk1, Duration: 32302ms, PromptTokens: 15778, CompletionTokens: 845, Cost: $0.00192
2026-02-04 20:40:53,651 - Knowledge - INFO - Async storage completed for 5 embeddings
2026-02-04 20:40:53,922 - Knowledge - INFO - process ingested knowledge for /app/data/T0015/315188/b2119g2/tr69hostif-315188/src/hostif/parodusClient/pal/webpa_notification.h
2026-02-04 20:40:54,036 - Knowledge - INFO - done ingest for /app/data/T0015/315188/b2119g2/tr69hostif-315188/src/hostif/httpserver/src/request_handler.cpp
2026-02-04 20:40:54,144 - Knowledge - INFO - [WEBSOCKET] Sent: Type=progress_update, Size: 293, Duration: 0ms
2026-02-04 20:40:54,911 - Knowledge - INFO - [LLM_CALL] Completed: dependent_rdk_pkg_installer.sh:chunk1, Duration: 23709ms, PromptTokens: 2762, CompletionTokens: 59, Cost: $0.00030
2026-02-04 20:40:55,221 - Knowledge - INFO - done ingest for /app/data/T0015/315188/b2119g2/tr69hostif-315188/dependent_rdk_pkg_installer.sh
2026-02-04 20:40:55,242 - Knowledge - INFO - [WEBSOCKET] Sent: Type=unknown, Size: ?, Duration: 1098ms
2026-02-04 20:40:55,704 - Knowledge - INFO - Progress: 82.5% | Files: 303/366 | Rate: 1.10 files/sec | Queue: 0
2026-02-04 20:40:56,034 - Knowledge - INFO - [LLM_CALL] Completed: startParodus.cpp:chunk1, Duration: 59006ms, PromptTokens: 9416, CompletionTokens: 436, Cost: $0.00112
2026-02-04 20:40:56,183 - Knowledge - INFO - Async storage completed for 5 embeddings
2026-02-04 20:40:56,302 - Knowledge - INFO - done ingest for /app/data/T0015/315188/b2119g2/tr69hostif-315188/src/hostif/parodusClient/startParodus/startParodus.cpp
2026-02-04 20:40:56,733 - Knowledge - INFO - Processing batch of 4 files
2026-02-04 20:40:57,271 - Knowledge - INFO - process ingested knowledge for /app/data/T0015/315188/b2119g2/tr69hostif-315188/conf/rfcdefaults/tr69hostif.ini
2026-02-04 20:40:57,655 - Knowledge - INFO - process ingested knowledge for /app/data/T0015/315188/b2119g2/tr69hostif-315188/dependent_rdk_pkg_installer.sh
2026-02-04 20:40:57,786 - Knowledge - INFO - Processing batch of 4 files
2026-02-04 20:40:58,157 - Knowledge - INFO - process ingested knowledge for /app/data/T0015/315188/b2119g2/tr69hostif-315188/src/hostif/httpserver/src/request_handler.cpp
2026-02-04 20:40:58,247 - Knowledge - INFO - [WEBSOCKET] Sent: Type=progress_update, Size: 291, Duration: 0ms
2026-02-04 20:40:58,658 - Knowledge - INFO - process ingested knowledge for /app/data/T0015/315188/b2119g2/tr69hostif-315188/partners_defaults.json
2026-02-04 20:40:58,661 - Knowledge - INFO - process ingested knowledge for /app/data/T0015/315188/b2119g2/tr69hostif-315188/src/hostif/httpserver/include/http_server.h
2026-02-04 20:40:58,891 - Knowledge - INFO - [WEBSOCKET] Sent: Type=unknown, Size: ?, Duration: 644ms
2026-02-04 20:40:59,111 - Knowledge - INFO - process ingested knowledge for /app/data/T0015/315188/b2119g2/tr69hostif-315188/run_l2.sh
2026-02-04 20:40:59,336 - Knowledge - INFO - Progress: 84.7% | Files: 310/366 | Rate: 1.11 files/sec | Queue: 0
2026-02-04 20:40:59,353 - Knowledge - INFO - process ingested knowledge for /app/data/T0015/315188/b2119g2/tr69hostif-315188/src/hostif/httpserver/include/request_handler.h
2026-02-04 20:40:59,804 - Knowledge - INFO - [LLM_CALL] Completed: webpa_notification.cpp:chunk1, Duration: 49767ms, PromptTokens: 5210, CompletionTokens: 445, Cost: $0.00070
2026-02-04 20:41:00,084 - Knowledge - INFO - done ingest for /app/data/T0015/315188/b2119g2/tr69hostif-315188/src/hostif/parodusClient/pal/webpa_notification.cpp
2026-02-04 20:41:00,225 - Knowledge - INFO - process ingested knowledge for /app/data/T0015/315188/b2119g2/tr69hostif-315188/src/hostif/httpserver/include/XrdkCentralComRFCVar.h
2026-02-04 20:41:00,605 - Knowledge - INFO - [LLM_CALL] Completed: waldb.h:chunk1, Duration: 43284ms, PromptTokens: 2260, CompletionTokens: 682, Cost: $0.00050
2026-02-04 20:41:00,899 - Knowledge - INFO - done ingest for /app/data/T0015/315188/b2119g2/tr69hostif-315188/src/hostif/parodusClient/waldb/waldb.h
2026-02-04 20:41:01,544 - Knowledge - INFO - Async storage completed for 5 embeddings
2026-02-04 20:41:04,152 - Knowledge - INFO - Async storage completed for 4 embeddings
2026-02-04 20:41:05,510 - Knowledge - INFO - Async storage completed for 5 embeddings
2026-02-04 20:41:07,165 - Knowledge - INFO - Processing batch of 4 files
2026-02-04 20:41:07,487 - Knowledge - INFO - process ingested knowledge for /app/data/T0015/315188/b2119g2/tr69hostif-315188/src/hostif/parodusClient/startParodus/startParodus_spport.cpp
2026-02-04 20:41:08,171 - Knowledge - INFO - process ingested knowledge for /app/data/T0015/315188/b2119g2/tr69hostif-315188/src/hostif/parodusClient/startParodus/startParodus.h
2026-02-04 20:41:08,813 - Knowledge - INFO - process ingested knowledge for /app/data/T0015/315188/b2119g2/tr69hostif-315188/src/hostif/parodusClient/startParodus/startParodus.cpp
2026-02-04 20:41:09,959 - Knowledge - INFO - process ingested knowledge for /app/data/T0015/315188/b2119g2/tr69hostif-315188/src/hostif/parodusClient/waldb/waldb.h
2026-02-04 20:41:12,576 - Knowledge - INFO - [LLM_CALL] Completed: Device_WiFi_AccessPoint_AssociatedDevice.cpp:chunk1, Duration: 78242ms, PromptTokens: 3222, CompletionTokens: 1031, Cost: $0.00073
2026-02-04 20:41:12,779 - Knowledge - INFO - done ingest for /app/data/T0015/315188/b2119g2/tr69hostif-315188/src/hostif/profiles/wifi/Device_WiFi_AccessPoint_AssociatedDevice.cpp
2026-02-04 20:41:14,411 - Knowledge - INFO - [LLM_CALL] Completed: webpa_adapter.h:chunk1, Duration: 48557ms, PromptTokens: 4760, CompletionTokens: 936, Cost: $0.00085
2026-02-04 20:41:14,816 - Knowledge - INFO - done ingest for /app/data/T0015/315188/b2119g2/tr69hostif-315188/src/hostif/parodusClient/pal/webpa_adapter.h
2026-02-04 20:41:16,614 - Knowledge - INFO - [LLM_CALL] Completed: Device_WiFi_AccessPoint_Security.cpp:chunk1, Duration: 99927ms, PromptTokens: 3430, CompletionTokens: 1037, Cost: $0.00076
2026-02-04 20:41:16,971 - Knowledge - INFO - done ingest for /app/data/T0015/315188/b2119g2/tr69hostif-315188/src/hostif/profiles/wifi/Device_WiFi_AccessPoint_Security.cpp
2026-02-04 20:41:18,468 - Knowledge - INFO - Processing batch of 4 files
2026-02-04 20:41:18,811 - Knowledge - INFO - process ingested knowledge for /app/data/T0015/315188/b2119g2/tr69hostif-315188/src/hostif/parodusClient/pal/webpa_notification.cpp
2026-02-04 20:41:20,178 - Knowledge - INFO - process ingested knowledge for /app/data/T0015/315188/b2119g2/tr69hostif-315188/src/hostif/parodusClient/pal/libpd.h
2026-02-04 20:41:20,854 - Knowledge - INFO - process ingested knowledge for /app/data/T0015/315188/b2119g2/tr69hostif-315188/src/hostif/parodusClient/pal/webpa_parameter.h
2026-02-04 20:41:21,817 - Knowledge - INFO - process ingested knowledge for /app/data/T0015/315188/b2119g2/tr69hostif-315188/src/hostif/parodusClient/pal/webpa_adapter.h
2026-02-04 20:41:25,773 - Knowledge - INFO - [LLM_CALL] Completed: Device_WiFi_Radio_Stats.cpp:chunk1, Duration: 73402ms, PromptTokens: 6300, CompletionTokens: 1018, Cost: $0.00104
2026-02-04 20:41:26,015 - Knowledge - INFO - done ingest for /app/data/T0015/315188/b2119g2/tr69hostif-315188/src/hostif/profiles/wifi/Device_WiFi_Radio_Stats.cpp
2026-02-04 20:41:26,311 - Knowledge - WARNING - Timeout processing /app/data/T0015/315188/b2119g2/tr69hostif-315188/src/hostif/profiles/wifi/Device_WiFi_X_RDKCENTRAL_COM_ClientRoaming.h after 90s - using fallback metadata
2026-02-04 20:41:28,648 - Knowledge - INFO - [WEBSOCKET] Sent: Type=progress_update, Size: 273, Duration: 0ms
2026-02-04 20:41:29,276 - Knowledge - INFO - [WEBSOCKET] Sent: Type=unknown, Size: ?, Duration: 628ms
2026-02-04 20:41:29,725 - Knowledge - INFO - Progress: 87.7% | Files: 322/366 | Rate: 1.04 files/sec | Queue: 0
2026-02-04 20:41:29,763 - Knowledge - INFO - Processing batch of 4 files
2026-02-04 20:41:30,326 - Knowledge - INFO - process ingested knowledge for /app/data/T0015/315188/b2119g2/tr69hostif-315188/src/hostif/profiles/wifi/Device_WiFi_X_RDKCENTRAL_COM_ClientRoaming.h
2026-02-04 20:41:30,868 - Knowledge - INFO - process ingested knowledge for /app/data/T0015/315188/b2119g2/tr69hostif-315188/src/hostif/profiles/wifi/Device_WiFi_EndPoint_WPS.h
2026-02-04 20:41:31,496 - Knowledge - INFO - process ingested knowledge for /app/data/T0015/315188/b2119g2/tr69hostif-315188/src/hostif/profiles/wifi/Device_WiFi_AccessPoint_WPS.cpp
2026-02-04 20:41:32,113 - Knowledge - INFO - process ingested knowledge for /app/data/T0015/315188/b2119g2/tr69hostif-315188/src/hostif/profiles/wifi/Device_WiFi_Radio_Stats.cpp
2026-02-04 20:41:33,303 - Knowledge - WARNING - Timeout processing /app/data/T0015/315188/b2119g2/tr69hostif-315188/src/hostif/profiles/wifi/Device_WiFi_SSID.cpp after 90s - using fallback metadata
2026-02-04 20:41:33,371 - Knowledge - INFO - [LLM_CALL] Completed: hostIf_XrdkCentralT2_ReqHandler.cpp:chunk1, Duration: 113042ms, PromptTokens: 5190, CompletionTokens: 475, Cost: $0.00071
2026-02-04 20:41:33,765 - Knowledge - WARNING - Timeout processing /app/data/T0015/315188/b2119g2/tr69hostif-315188/src/hostif/profiles/wifi/Device_WiFi_Radio.cpp after 90s - using fallback metadata
2026-02-04 20:41:33,921 - Knowledge - INFO - done ingest for /app/data/T0015/315188/b2119g2/tr69hostif-315188/src/hostif/handlers/src/hostIf_XrdkCentralT2_ReqHandler.cpp
2026-02-04 20:41:33,982 - Knowledge - INFO - [LLM_CALL] Completed: snmpAdapter.h:chunk1, Duration: 44872ms, PromptTokens: 2772, CompletionTokens: 560, Cost: $0.00050
2026-02-04 20:41:34,634 - Knowledge - INFO - done ingest for /app/data/T0015/315188/b2119g2/tr69hostif-315188/src/hostif/snmpAdapter/snmpAdapter.h
2026-02-04 20:41:37,790 - Knowledge - INFO - [LLM_CALL] Completed: snmpAdapter.cpp:chunk1, Duration: 67300ms, PromptTokens: 7288, CompletionTokens: 743, Cost: $0.00103
2026-02-04 20:41:38,202 - Knowledge - INFO - done ingest for /app/data/T0015/315188/b2119g2/tr69hostif-315188/src/hostif/snmpAdapter/snmpAdapter.cpp
2026-02-04 20:41:38,999 - Knowledge - INFO - Processing batch of 4 files
2026-02-04 20:41:39,305 - Knowledge - INFO - process ingested knowledge for /app/data/T0015/315188/b2119g2/tr69hostif-315188/src/hostif/profiles/wifi/Device_WiFi_SSID.cpp
2026-02-04 20:41:40,790 - Knowledge - INFO - process ingested knowledge for /app/data/T0015/315188/b2119g2/tr69hostif-315188/src/hostif/profiles/wifi/Device_WiFi_AccessPoint_Security.cpp
2026-02-04 20:41:41,654 - Knowledge - INFO - [LLM_CALL] Completed: webpa_adapter.cpp:chunk1, Duration: 71880ms, PromptTokens: 10620, CompletionTokens: 551, Cost: $0.00128
2026-02-04 20:41:41,934 - Knowledge - INFO - done ingest for /app/data/T0015/315188/b2119g2/tr69hostif-315188/src/hostif/parodusClient/pal/webpa_adapter.cpp
2026-02-04 20:41:42,117 - Knowledge - INFO - process ingested knowledge for /app/data/T0015/315188/b2119g2/tr69hostif-315188/src/hostif/profiles/wifi/Device_WiFi_AccessPoint_AssociatedDevice.cpp
2026-02-04 20:41:42,199 - Knowledge - INFO - [LLM_CALL] Completed: run_ut.sh:chunk1, Duration: 42046ms, PromptTokens: 4220, CompletionTokens: 59, Cost: $0.00045
2026-02-04 20:41:42,736 - Knowledge - INFO - done ingest for /app/data/T0015/315188/b2119g2/tr69hostif-315188/run_ut.sh
2026-02-04 20:41:42,920 - Knowledge - INFO - process ingested knowledge for /app/data/T0015/315188/b2119g2/tr69hostif-315188/src/hostif/profiles/wifi/Device_WiFi_Radio.cpp
2026-02-04 20:41:44,473 - Knowledge - INFO - Processing batch of 4 files
2026-02-04 20:41:44,780 - Knowledge - INFO - process ingested knowledge for /app/data/T0015/315188/b2119g2/tr69hostif-315188/src/hostif/snmpAdapter/snmpAdapter.cpp
2026-02-04 20:41:45,499 - Knowledge - INFO - [LLM_CALL] Completed: hostIf_jsonReqHandlerThread.cpp:chunk1, Duration: 81185ms, PromptTokens: 6990, CompletionTokens: 617, Cost: $0.00095
2026-02-04 20:41:45,822 - Knowledge - INFO - done ingest for /app/data/T0015/315188/b2119g2/tr69hostif-315188/src/hostif/handlers/src/hostIf_jsonReqHandlerThread.cpp
2026-02-04 20:41:45,876 - Knowledge - INFO - process ingested knowledge for /app/data/T0015/315188/b2119g2/tr69hostif-315188/src/hostif/snmpAdapter/snmpAdapter.h
2026-02-04 20:41:47,371 - Knowledge - INFO - process ingested knowledge for /app/data/T0015/315188/b2119g2/tr69hostif-315188/rdk_env.xml
2026-02-04 20:41:48,987 - Knowledge - INFO - process ingested knowledge for /app/data/T0015/315188/b2119g2/tr69hostif-315188/run_ut.sh
2026-02-04 20:41:49,066 - Knowledge - INFO - [WEBSOCKET] Sent: Type=progress_update, Size: 272, Duration: 0ms
2026-02-04 20:41:49,762 - Knowledge - INFO - [WEBSOCKET] Sent: Type=unknown, Size: ?, Duration: 696ms
2026-02-04 20:41:50,108 - Knowledge - INFO - Progress: 90.2% | Files: 330/366 | Rate: 1.00 files/sec | Queue: 0
2026-02-04 20:41:51,129 - Knowledge - INFO - [LLM_CALL] Completed: webpa_parameter.cpp:chunk1, Duration: 101636ms, PromptTokens: 16892, CompletionTokens: 986, Cost: $0.00208
2026-02-04 20:41:51,489 - Knowledge - INFO - done ingest for /app/data/T0015/315188/b2119g2/tr69hostif-315188/src/hostif/parodusClient/pal/webpa_parameter.cpp
2026-02-04 20:41:52,547 - Knowledge - INFO - [LLM_CALL] Completed: hostIf_InterfaceStackClient_ReqHandler.cpp:chunk1, Duration: 102077ms, PromptTokens: 6792, CompletionTokens: 891, Cost: $0.00104
2026-02-04 20:41:52,967 - Knowledge - INFO - done ingest for /app/data/T0015/315188/b2119g2/tr69hostif-315188/src/hostif/handlers/src/hostIf_InterfaceStackClient_ReqHandler.cpp
2026-02-04 20:41:53,141 - Knowledge - INFO - [LLM_CALL] Completed: libpd.cpp:chunk1, Duration: 62908ms, PromptTokens: 8740, CompletionTokens: 552, Cost: $0.00109
2026-02-04 20:41:53,604 - Knowledge - INFO - done ingest for /app/data/T0015/315188/b2119g2/tr69hostif-315188/src/hostif/parodusClient/pal/libpd.cpp
2026-02-04 20:41:57,228 - Knowledge - INFO - [LLM_CALL] Completed: hostIf_updateHandler.cpp:chunk1, Duration: 101053ms, PromptTokens: 5014, CompletionTokens: 975, Cost: $0.00089
2026-02-04 20:41:57,476 - Knowledge - INFO - done ingest for /app/data/T0015/315188/b2119g2/tr69hostif-315188/src/hostif/handlers/src/hostIf_updateHandler.cpp
2026-02-04 20:41:58,910 - Knowledge - INFO - [LLM_CALL] Completed: hostIf_StorageService_ReqHandler.cpp:chunk1, Duration: 91339ms, PromptTokens: 3602, CompletionTokens: 644, Cost: $0.00062
2026-02-04 20:41:59,225 - Knowledge - INFO - done ingest for /app/data/T0015/315188/b2119g2/tr69hostif-315188/src/hostif/handlers/src/hostIf_StorageService_ReqHandler.cpp
2026-02-04 20:41:59,258 - Knowledge - INFO - [LLM_CALL] Completed: Device_WiFi_AccessPoint.h:chunk1, Duration: 129109ms, PromptTokens: 4660, CompletionTokens: 1175, Cost: $0.00094
2026-02-04 20:41:59,664 - Knowledge - INFO - done ingest for /app/data/T0015/315188/b2119g2/tr69hostif-315188/src/hostif/profiles/wifi/Device_WiFi_AccessPoint.h
2026-02-04 20:41:59,718 - Knowledge - INFO - Processing batch of 4 files
2026-02-04 20:41:59,755 - Knowledge - INFO - [LLM_CALL] Completed: hostIf_MoCAClient_ReqHandler.cpp:chunk1, Duration: 139076ms, PromptTokens: 16982, CompletionTokens: 925, Cost: $0.00207
2026-02-04 20:42:00,123 - Knowledge - INFO - process ingested knowledge for /app/data/T0015/315188/b2119g2/tr69hostif-315188/src/hostif/parodusClient/pal/webpa_parameter.cpp
2026-02-04 20:42:00,277 - Knowledge - INFO - [LLM_CALL] Completed: XrdkCentralComRFCVar.cpp:chunk1, Duration: 77288ms, PromptTokens: 3498, CompletionTokens: 423, Cost: $0.00052
2026-02-04 20:42:00,535 - Knowledge - INFO - done ingest for /app/data/T0015/315188/b2119g2/tr69hostif-315188/src/hostif/httpserver/src/XrdkCentralComRFCVar.cpp
2026-02-04 20:42:00,853 - Knowledge - INFO - process ingested knowledge for /app/data/T0015/315188/b2119g2/tr69hostif-315188/src/hostif/parodusClient/pal/webpa_adapter.cpp
2026-02-04 20:42:01,577 - Knowledge - INFO - process ingested knowledge for /app/data/T0015/315188/b2119g2/tr69hostif-315188/src/hostif/parodusClient/pal/webpa_attribute.h
2026-02-04 20:42:02,055 - Knowledge - INFO - process ingested knowledge for /app/data/T0015/315188/b2119g2/tr69hostif-315188/src/hostif/parodusClient/pal/libpd.cpp
2026-02-04 20:42:02,271 - Knowledge - INFO - [LLM_CALL] Completed: hostIf_IARM_ReqHandler.cpp:chunk1, Duration: 136830ms, PromptTokens: 12356, CompletionTokens: 1054, Cost: $0.00166
2026-02-04 20:42:02,680 - Knowledge - INFO - done ingest for /app/data/T0015/315188/b2119g2/tr69hostif-315188/src/hostif/handlers/src/hostIf_IARM_ReqHandler.cpp
2026-02-04 20:42:05,989 - Knowledge - INFO - [LLM_CALL] Completed: hostIf_DHCPv4Client_ReqHandler.cpp:chunk1, Duration: 130499ms, PromptTokens: 7692, CompletionTokens: 1018, Cost: $0.00118
2026-02-04 20:42:06,475 - Knowledge - INFO - done ingest for /app/data/T0015/315188/b2119g2/tr69hostif-315188/src/hostif/handlers/src/hostIf_DHCPv4Client_ReqHandler.cpp
2026-02-04 20:42:08,453 - Knowledge - INFO - [LLM_CALL] Completed: http_server.cpp:chunk1, Duration: 72658ms, PromptTokens: 5936, CompletionTokens: 720, Cost: $0.00088
2026-02-04 20:42:08,829 - Knowledge - INFO - done ingest for /app/data/T0015/315188/b2119g2/tr69hostif-315188/src/hostif/httpserver/src/http_server.cpp
2026-02-04 20:42:08,974 - Knowledge - INFO - [LLM_CALL] Completed: hostIf_TimeClient_ReqHandler.cpp:chunk1, Duration: 108606ms, PromptTokens: 8670, CompletionTokens: 965, Cost: $0.00125
2026-02-04 20:42:09,306 - Knowledge - INFO - done ingest for /app/data/T0015/315188/b2119g2/tr69hostif-315188/src/hostif/handlers/src/hostIf_TimeClient_ReqHandler.cpp
2026-02-04 20:42:12,017 - Knowledge - INFO - [LLM_CALL] Completed: hostIf_rbus_Dml_Provider.cpp:chunk1, Duration: 115569ms, PromptTokens: 12776, CompletionTokens: 892, Cost: $0.00163
2026-02-04 20:42:12,049 - Knowledge - WARNING - Timeout processing /app/data/T0015/315188/b2119g2/tr69hostif-315188/src/hostif/profiles/wifi/Device_WiFi_EndPoint.cpp after 90s - using fallback metadata
2026-02-04 20:42:12,313 - Knowledge - INFO - done ingest for /app/data/T0015/315188/b2119g2/tr69hostif-315188/src/hostif/handlers/src/hostIf_rbus_Dml_Provider.cpp
2026-02-04 20:42:12,480 - Knowledge - WARNING - Timeout processing /app/data/T0015/315188/b2119g2/tr69hostif-315188/src/hostif/profiles/wifi/Device_WiFi_SSID_Stats.cpp after 90s - using fallback metadata
2026-02-04 20:42:15,363 - Knowledge - INFO - [LLM_CALL] Completed: hostIf_NotificationHandler.cpp:chunk1, Duration: 129131ms, PromptTokens: 6186, CompletionTokens: 956, Cost: $0.00100
2026-02-04 20:42:15,722 - Knowledge - INFO - done ingest for /app/data/T0015/315188/b2119g2/tr69hostif-315188/src/hostif/handlers/src/hostIf_NotificationHandler.cpp
2026-02-04 20:42:16,223 - Knowledge - INFO - Processing batch of 4 files
2026-02-04 20:42:16,551 - Knowledge - INFO - process ingested knowledge for /app/data/T0015/315188/b2119g2/tr69hostif-315188/src/hostif/profiles/wifi/Device_WiFi_EndPoint.cpp
2026-02-04 20:42:16,785 - Knowledge - INFO - [LLM_CALL] Completed: hostIf_SNMPClient_ReqHandler.cpp:chunk1, Duration: 96867ms, PromptTokens: 5306, CompletionTokens: 737, Cost: $0.00083
2026-02-04 20:42:17,140 - Knowledge - INFO - done ingest for /app/data/T0015/315188/b2119g2/tr69hostif-315188/src/hostif/handlers/src/hostIf_SNMPClient_ReqHandler.cpp
2026-02-04 20:42:17,238 - Knowledge - INFO - [LLM_CALL] Completed: hostIf_DeviceClient_ReqHandler.cpp:chunk1, Duration: 101590ms, PromptTokens: 28324, CompletionTokens: 1065, Cost: $0.00326
2026-02-04 20:42:17,414 - Knowledge - WARNING - Timeout processing /app/data/T0015/315188/b2119g2/tr69hostif-315188/src/hostif/parodusClient/waldb/waldb.cpp after 90s - using fallback metadata
2026-02-04 20:42:17,449 - Knowledge - INFO - process ingested knowledge for /app/data/T0015/315188/b2119g2/tr69hostif-315188/src/hostif/profiles/wifi/Device_WiFi_AccessPoint.h
2026-02-04 20:42:17,800 - Knowledge - INFO - done ingest for /app/data/T0015/315188/b2119g2/tr69hostif-315188/src/hostif/handlers/src/hostIf_DeviceClient_ReqHandler.cpp
2026-02-04 20:42:17,984 - Knowledge - INFO - [LLM_CALL] Completed: x_rdk_req_handler.cpp:chunk1, Duration: 95339ms, PromptTokens: 3252, CompletionTokens: 465, Cost: $0.00051
2026-02-04 20:42:18,455 - Knowledge - INFO - done ingest for /app/data/T0015/315188/b2119g2/tr69hostif-315188/src/hostif/handlers/src/x_rdk_req_handler.cpp
2026-02-04 20:42:18,476 - Knowledge - INFO - [LLM_CALL] Completed: gtest_httpserver.cpp:chunk1, Duration: 76296ms, PromptTokens: 14214, CompletionTokens: 1074, Cost: $0.00185
2026-02-04 20:42:18,567 - Knowledge - INFO - process ingested knowledge for /app/data/T0015/315188/b2119g2/tr69hostif-315188/src/hostif/profiles/wifi/Device_WiFi_SSID_Stats.cpp
2026-02-04 20:42:18,887 - Knowledge - INFO - done ingest for /app/data/T0015/315188/b2119g2/tr69hostif-315188/src/hostif/httpserver/src/gtest/gtest_httpserver.cpp
2026-02-04 20:42:19,207 - Knowledge - INFO - process ingested knowledge for /app/data/T0015/315188/b2119g2/tr69hostif-315188/src/hostif/handlers/src/hostIf_TimeClient_ReqHandler.cpp
2026-02-04 20:42:19,607 - Knowledge - INFO - Processing batch of 4 files
2026-02-04 20:42:19,909 - Knowledge - INFO - process ingested knowledge for /app/data/T0015/315188/b2119g2/tr69hostif-315188/src/hostif/parodusClient/waldb/data-model-generic.xml
2026-02-04 20:42:21,970 - Knowledge - INFO - [LLM_CALL] Completed: hostIf_msgHandler.cpp:chunk1, Duration: 120926ms, PromptTokens: 14364, CompletionTokens: 973, Cost: $0.00183
2026-02-04 20:42:22,252 - Knowledge - INFO - done ingest for /app/data/T0015/315188/b2119g2/tr69hostif-315188/src/hostif/handlers/src/hostIf_msgHandler.cpp
2026-02-04 20:42:22,293 - Knowledge - INFO - Processing batch of 4 files
2026-02-04 20:42:22,341 - Knowledge - INFO - process ingested knowledge for /app/data/T0015/315188/b2119g2/tr69hostif-315188/src/hostif/parodusClient/waldb/waldb.cpp
2026-02-04 20:42:22,893 - Knowledge - INFO - process ingested knowledge for /app/data/T0015/315188/b2119g2/tr69hostif-315188/src/hostif/handlers/src/hostIf_XrdkCentralT2_ReqHandler.cpp
2026-02-04 20:42:22,912 - Knowledge - INFO - [LLM_CALL] Completed: handlers_test.cpp:chunk1, Duration: 136977ms, PromptTokens: 33836, CompletionTokens: 989, Cost: $0.00378
2026-02-04 20:42:23,427 - Knowledge - INFO - done ingest for /app/data/T0015/315188/b2119g2/tr69hostif-315188/src/hostif/handlers/src/gtest/handlers_test.cpp
2026-02-04 20:42:23,433 - Knowledge - INFO - [LLM_CALL] Completed: hostIf_WiFi_ReqHandler.cpp:chunk1, Duration: 145188ms, PromptTokens: 19188, CompletionTokens: 1412, Cost: $0.00248
2026-02-04 20:42:23,823 - Knowledge - INFO - done ingest for /app/data/T0015/315188/b2119g2/tr69hostif-315188/src/hostif/handlers/src/hostIf_WiFi_ReqHandler.cpp
2026-02-04 20:42:23,956 - Knowledge - INFO - process ingested knowledge for /app/data/T0015/315188/b2119g2/tr69hostif-315188/src/hostif/handlers/src/hostIf_DHCPv4Client_ReqHandler.cpp
2026-02-04 20:42:24,015 - Knowledge - INFO - process ingested knowledge for /app/data/T0015/315188/b2119g2/tr69hostif-315188/src/hostif/parodusClient/conf/webpa_cfg.json
2026-02-04 20:42:24,274 - Knowledge - WARNING - Timeout processing /app/data/T0015/315188/b2119g2/tr69hostif-315188/src/hostif/handlers/src/hostIf_MoCAClient_ReqHandler.cpp after 90s - using fallback metadata
2026-02-04 20:42:24,478 - Knowledge - INFO - [LLM_CALL] Completed: hostIf_EthernetClient_ReqHandler.cpp:chunk1, Duration: 168540ms, PromptTokens: 15820, CompletionTokens: 1238, Cost: $0.00208
2026-02-04 20:42:24,669 - Knowledge - INFO - process ingested knowledge for /app/data/T0015/315188/b2119g2/tr69hostif-315188/src/hostif/parodusClient/conf/notify_webpa_cfg.json
2026-02-04 20:42:24,815 - Knowledge - INFO - process ingested knowledge for /app/data/T0015/315188/b2119g2/tr69hostif-315188/src/hostif/handlers/src/hostIf_updateHandler.cpp
2026-02-04 20:42:24,826 - Knowledge - INFO - done ingest for /app/data/T0015/315188/b2119g2/tr69hostif-315188/src/hostif/handlers/src/hostIf_EthernetClient_ReqHandler.cpp
2026-02-04 20:42:25,124 - Knowledge - INFO - [LLM_CALL] Completed: hostIf_IPClient_ReqHandler.cpp:chunk1, Duration: 107928ms, PromptTokens: 22616, CompletionTokens: 1032, Cost: $0.00267
2026-02-04 20:42:25,521 - Knowledge - INFO - process ingested knowledge for /app/data/T0015/315188/b2119g2/tr69hostif-315188/src/hostif/handlers/src/hostIf_DeviceClient_ReqHandler.cpp
2026-02-04 20:42:25,539 - Knowledge - INFO - done ingest for /app/data/T0015/315188/b2119g2/tr69hostif-315188/src/hostif/handlers/src/hostIf_IPClient_ReqHandler.cpp
2026-02-04 20:42:25,648 - Knowledge - INFO - [WEBSOCKET] Sent: Type=progress_update, Size: 273, Duration: 0ms
2026-02-04 20:42:26,018 - Knowledge - INFO - [WEBSOCKET] Sent: Type=unknown, Size: ?, Duration: 369ms
2026-02-04 20:42:26,206 - Knowledge - INFO - Progress: 95.4% | Files: 350/366 | Rate: 0.95 files/sec | Queue: 0
2026-02-04 20:42:26,837 - Knowledge - INFO - Processing batch of 4 files
2026-02-04 20:42:27,073 - Knowledge - INFO - process ingested knowledge for /app/data/T0015/315188/b2119g2/tr69hostif-315188/src/hostif/handlers/src/hostIf_IARM_ReqHandler.cpp
2026-02-04 20:42:27,323 - Knowledge - WARNING - Timeout processing /app/data/T0015/315188/b2119g2/tr69hostif-315188/src/hostif/handlers/src/hostIf_dsClient_ReqHandler.cpp after 90s - using fallback metadata
2026-02-04 20:42:28,262 - Knowledge - WARNING - Timeout processing /app/data/T0015/315188/b2119g2/tr69hostif-315188/src/hostif/parodusClient/gtest/dm_test.cpp after 90s - using fallback metadata
2026-02-04 20:42:28,306 - Knowledge - WARNING - Timeout processing /app/data/T0015/315188/b2119g2/tr69hostif-315188/src/hostif/handlers/src/hostIf_XREClient_ReqHandler.cpp after 90s - using fallback metadata
2026-02-04 20:42:28,358 - Knowledge - INFO - process ingested knowledge for /app/data/T0015/315188/b2119g2/tr69hostif-315188/src/hostif/handlers/src/gtest/handlers_test.cpp
2026-02-04 20:42:28,371 - Knowledge - INFO - Processing batch of 4 files
2026-02-04 20:42:28,381 - Knowledge - INFO - Processing batch of 4 files
2026-02-04 20:42:28,488 - Knowledge - INFO - [WEBSOCKET] Sent: Type=progress_update, Size: 273, Duration: 0ms
2026-02-04 20:42:28,673 - Knowledge - INFO - process ingested knowledge for /app/data/T0015/315188/b2119g2/tr69hostif-315188/src/hostif/handlers/src/hostIf_rbus_Dml_Provider.cpp
2026-02-04 20:42:28,785 - Knowledge - INFO - process ingested knowledge for /app/data/T0015/315188/b2119g2/tr69hostif-315188/src/hostif/handlers/src/hostIf_MoCAClient_ReqHandler.cpp
2026-02-04 20:42:28,877 - Knowledge - INFO - process ingested knowledge for /app/data/T0015/315188/b2119g2/tr69hostif-315188/src/hostif/handlers/src/hostIf_dsClient_ReqHandler.cpp
2026-02-04 20:42:28,979 - Knowledge - INFO - [WEBSOCKET] Sent: Type=unknown, Size: ?, Duration: 490ms
2026-02-04 20:42:29,062 - Knowledge - INFO - process ingested knowledge for /app/data/T0015/315188/b2119g2/tr69hostif-315188/src/hostif/handlers/src/hostIf_SNMPClient_ReqHandler.cpp
2026-02-04 20:42:29,145 - Knowledge - INFO - process ingested knowledge for /app/data/T0015/315188/b2119g2/tr69hostif-315188/src/hostif/handlers/src/hostIf_WiFi_ReqHandler.cpp
2026-02-04 20:42:29,245 - Knowledge - INFO - process ingested knowledge for /app/data/T0015/315188/b2119g2/tr69hostif-315188/src/hostif/handlers/src/hostIf_NotificationHandler.cpp
2026-02-04 20:42:29,341 - Knowledge - INFO - Progress: 97.8% | Files: 360/366 | Rate: 0.97 files/sec | Queue: 0
2026-02-04 20:42:29,372 - Knowledge - INFO - Processing batch of 4 files
2026-02-04 20:42:29,377 - Knowledge - INFO - Processing batch of 4 files
2026-02-04 20:42:29,517 - Knowledge - INFO - process ingested knowledge for /app/data/T0015/315188/b2119g2/tr69hostif-315188/src/hostif/handlers/src/hostIf_jsonReqHandlerThread.cpp
2026-02-04 20:42:29,596 - Knowledge - INFO - process ingested knowledge for /app/data/T0015/315188/b2119g2/tr69hostif-315188/src/hostif/handlers/src/hostIf_msgHandler.cpp
2026-02-04 20:42:29,773 - Knowledge - INFO - process ingested knowledge for /app/data/T0015/315188/b2119g2/tr69hostif-315188/src/hostif/handlers/src/hostIf_EthernetClient_ReqHandler.cpp
2026-02-04 20:42:29,854 - Knowledge - INFO - process ingested knowledge for /app/data/T0015/315188/b2119g2/tr69hostif-315188/src/hostif/parodusClient/gtest/dm_test.cpp
2026-02-04 20:42:29,979 - Knowledge - INFO - process ingested knowledge for /app/data/T0015/315188/b2119g2/tr69hostif-315188/src/hostif/handlers/src/x_rdk_req_handler.cpp
2026-02-04 20:42:30,092 - Knowledge - INFO - process ingested knowledge for /app/data/T0015/315188/b2119g2/tr69hostif-315188/src/hostif/handlers/src/hostIf_IPClient_ReqHandler.cpp
2026-02-04 20:42:30,168 - Knowledge - INFO - process ingested knowledge for /app/data/T0015/315188/b2119g2/tr69hostif-315188/src/hostif/handlers/src/hostIf_XREClient_ReqHandler.cpp
2026-02-04 20:42:30,251 - Knowledge - INFO - process ingested knowledge for /app/data/T0015/315188/b2119g2/tr69hostif-315188/src/hostif/httpserver/src/XrdkCentralComRFCVar.cpp
2026-02-04 20:42:30,596 - Knowledge - INFO - process ingested knowledge for /app/data/T0015/315188/b2119g2/tr69hostif-315188/src/hostif/handlers/src/hostIf_InterfaceStackClient_ReqHandler.cpp
2026-02-04 20:42:30,666 - Knowledge - INFO - process ingested knowledge for /app/data/T0015/315188/b2119g2/tr69hostif-315188/src/hostif/httpserver/src/http_server.cpp
2026-02-04 20:42:30,869 - Knowledge - INFO - process ingested knowledge for /app/data/T0015/315188/b2119g2/tr69hostif-315188/src/hostif/handlers/src/hostIf_StorageService_ReqHandler.cpp
2026-02-04 20:42:30,921 - Knowledge - INFO - process ingested knowledge for /app/data/T0015/315188/b2119g2/tr69hostif-315188/src/hostif/httpserver/src/gtest/gtest_httpserver.cpp
2026-02-04 20:42:31,538 - Knowledge - INFO - [WEBSOCKET] Sent: Type=progress_update, Size: 273, Duration: 0ms
2026-02-04 20:42:31,760 - Knowledge - INFO - [WEBSOCKET] Sent: Type=unknown, Size: ?, Duration: 222ms
2026-02-04 20:42:31,997 - Knowledge - INFO - Progress: 100.0% | Files: 366/366 | Rate: 0.98 files/sec | Queue: 0
2026-02-04 20:42:32,194 - Knowledge - INFO - Knowledge creation complete
2026-02-04 20:42:32,373 - Knowledge - INFO - ==================================================
2026-02-04 20:42:32,567 - Knowledge - INFO - KNOWLEDGE GRAPH GENERATION PERFORMANCE SUMMARY
2026-02-04 20:42:32,739 - Knowledge - INFO - ==================================================
2026-02-04 20:42:32,954 - Knowledge - INFO - Total processing time: 373.97 seconds (6.23 minutes)
2026-02-04 20:42:33,161 - Knowledge - INFO - Files processed: 0
2026-02-04 20:42:33,354 - Knowledge - INFO - Processing rate: 0.00 files/second
2026-02-04 20:42:33,577 - Knowledge - INFO - 
[TIME_BREAKDOWN]
2026-02-04 20:42:33,767 - Knowledge - INFO - File Reading: 0.00s (0.0%)
2026-02-04 20:42:33,956 - Knowledge - INFO - LLM Processing: 7233.25s (1934.2%)
2026-02-04 20:42:34,160 - Knowledge - INFO - MongoDB Operations: 0.00s (0.0%)
2026-02-04 20:42:34,325 - Knowledge - INFO - Redis Operations: 0.00s (0.0%)
2026-02-04 20:42:34,507 - Knowledge - INFO - WebSocket Communication: 12.12s (3.2%)
2026-02-04 20:42:34,710 - Knowledge - INFO - 
[LLM_STATS]
2026-02-04 20:42:34,913 - Knowledge - INFO - Total LLM calls: 122
2026-02-04 20:42:35,120 - Knowledge - INFO - Average LLM response time: 59289ms
2026-02-04 20:42:35,274 - Knowledge - INFO - Average prompt tokens: 6929.1
2026-02-04 20:42:35,440 - Knowledge - INFO - Average completion tokens: 739.6
2026-02-04 20:42:35,629 - Knowledge - INFO - Total prompt tokens: 845352
2026-02-04 20:42:35,834 - Knowledge - INFO - Total completion tokens: 90237
2026-02-04 20:42:36,081 - Knowledge - INFO - Total LLM cost: $0.1206
2026-02-04 20:42:36,264 - Knowledge - INFO - 
[DATABASE_STATS]
2026-02-04 20:42:36,458 - Knowledge - INFO - MongoDB operations: 0
2026-02-04 20:42:36,617 - Knowledge - INFO - Redis operations: 0
2026-02-04 20:42:36,775 - Knowledge - INFO - 
[COMMUNICATION_STATS]
2026-02-04 20:42:36,963 - Knowledge - INFO - WebSocket messages sent: 57
2026-02-04 20:42:37,151 - Knowledge - INFO - Average message size: 144.4 bytes
2026-02-04 20:42:37,316 - Knowledge - INFO - 
[WORKER_STATS]
2026-02-04 20:42:37,493 - Knowledge - INFO - 
[FILE_TYPE_STATS]
2026-02-04 20:42:37,662 - Knowledge - INFO - 
[SLOWEST_FILES]
2026-02-04 20:42:37,812 - Knowledge - INFO - ==================================================
2026-02-04 20:42:38,014 - Knowledge - INFO - ==================================================
2026-02-04 20:42:38,198 - Knowledge - INFO - KNOWLEDGE GRAPH GENERATION PERFORMANCE SUMMARY
2026-02-04 20:42:38,376 - Knowledge - INFO - ==================================================
2026-02-04 20:42:38,562 - Knowledge - INFO - Total processing time: 379.66 seconds (6.33 minutes)
2026-02-04 20:42:38,705 - Knowledge - INFO - Files processed: 366 of 366
2026-02-04 20:42:38,930 - Knowledge - INFO - Processing rate: 0.96 files/second
2026-02-04 20:42:39,099 - Knowledge - INFO - WebSocket messages sent: 28
2026-02-04 20:42:39,303 - Knowledge - INFO - MongoDB operations: 366
2026-02-04 20:42:39,487 - Knowledge - INFO - Average MongoDB ops per file: 1.00
2026-02-04 20:42:39,693 - Knowledge - INFO - LLM costs: $0.1206
2026-02-04 20:42:39,864 - Knowledge - INFO - Prompt tokens: 845352
2026-02-04 20:42:40,031 - Knowledge - INFO - Completion tokens: 90237
2026-02-04 20:42:40,231 - Knowledge - INFO - Updating org costs, total cost: 0.12062999999999999
2026-02-04 20:42:41,508 - Knowledge - INFO - [WEBSOCKET] Sent: Type=progress_update, Size: 268, Duration: 0ms
2026-02-04 20:42:41,683 - Knowledge - INFO - Saving knowledge to Redis...
2026-02-04 20:42:42,191 - Knowledge - INFO - Knowledge saved to Redis successfully
